; Unit System: English
; Time: seconds
; Intake manifold absolute pressure: PSI
; Ignition timing advance for #1 cylinder: 
; Engine RPM: RPM
;
Time,Intake manifold absolute pressure,Time,Ignition timing advance for #1 cylinder,Time,Engine RPM
46539.8277742,6.091585,46540.1384737,12.5,46539.9746238,925
46540.5780618,6.091585,46540.8691149,12,46540.7193218,931.25
46541.3109405,6.091585,46541.5856308,11.5,46541.4563064,934.25
46541.8862161,6.816774,46542.110848,19,46542.0009358,980.5
46542.3007117,10.29768,46542.4915156,13,46542.4014943,1297.75
46542.6973532,9.572491,46542.8901656,24,46542.8002784,1618.5
46543.0790199,9.282415,46543.2748484,22,46543.1748376,1546.75
46543.4796809,10.0076,46543.7044812,13.5,46543.6084763,1428.75
46543.8883383,12.03813,46544.0911161,0.5,46543.9962838,1147.25
46544.3059945,12.76332,46544.5128731,-0.5,46544.4069206,1421.75
46544.680593,13.92362,46544.8685089,3,46544.764588,1705
46545.0553941,13.77859,46545.2291993,5,46545.1352824,1987.75
46545.4190219,12.47325,46545.6141468,14.5,46545.5090283,2273
46545.8019089,11.74806,46545.9957118,21,46545.8888696,2559
46546.1946434,11.16791,46546.3966599,23,46546.2826216,2819.5
46546.6074766,10.29768,46546.8964385,31.5,46546.7594909,3108
46547.3232098,8.702264,46547.6122144,41,46547.4582848,3365.25
46548.0708729,6.236623,46548.3510783,44,46548.2028193,3421.5
46548.7916757,6.526698,46549.0836978,9.5,46548.9366248,3299.75
46549.5153138,3.045793,46549.7982536,22.5,46549.665223,3064
46550.2229984,2.900755,46550.511885,22.5,46550.3619562,2725
46550.9497121,2.755717,46551.2325818,22.5,46551.0957197,2394.75
46551.6743959,2.610679,46551.9683829,22.5,46551.8209832,2055.5
46552.4002024,3.045793,46552.6850788,22.5,46552.5520525,1717
46553.1268878,3.480906,46553.4167073,22.5,46553.2638345,1328
46553.8665272,4.931283,46554.1417152,22.5,46554.0044376,1168.25
46554.5853164,5.946547,46554.8742192,6,46554.7311581,1139.75
46555.3200068,8.702264,46555.6128425,-3.5,46555.4639956,1230.5
46556.0337618,12.90836,46556.3307842,-5,46556.1837111,1436
46556.7856154,13.48851,46557.0746985,4.5,46556.9306,1798.75
46557.5086013,13.19843,46557.7974364,13.5,46557.6545625,2390
46558.2223481,11.02287,46558.5118144,24.5,46558.3674507,2854.75
46558.9452886,10.15264,46559.2432389,27.5,46559.0852718,3198.25
46559.5672114,9.862566,46559.7741851,28.5,46559.6811578,3544
46559.9752552,9.137378,46560.1630734,30,46560.0622737,3761
46560.3389457,8.122113,46560.518002,33,46560.4239766,3967.25
46560.7010078,7.687,46560.8679403,40.5,46560.7799614,4140.5
46561.0609079,6.091585,46561.2309355,42,46561.1479109,4234.5
46561.4408504,5.946547,46561.6277304,42,46561.5448307,4281.25
46561.8137047,5.801509,46562.0067458,42,46561.9015955,4354.75
46562.2066793,6.526698,46562.3876556,41.5,46562.2917307,4473.5
46562.6066266,6.38166,46562.8065395,42,46562.7076076,4577.5
46563.0155573,6.526698,46563.2115011,41.5,46563.1105406,4699
46563.4063664,6.526698,46563.5864242,41.5,46563.4914632,4831.25
46563.7794098,6.526698,46564.0062583,41,46563.8963854,4949.25
46564.2102208,6.236623,46564.4231846,44,46564.3145758,5052.5
46564.7622195,4.786245,46565.056163,47,46564.9111091,5054.75
46565.4920806,5.946547,46565.7779822,42.5,46565.6331954,5104.5
46566.2099665,6.526698,46566.4942523,44,46566.3550262,5195.25
46566.9429288,2.320604,46567.2319173,22.5,46567.0849075,4346.25
46567.6559469,2.175566,46567.9468531,22.5,46567.8009424,2587.5
46568.3838438,3.19083,46568.6659023,22.5,46568.5219212,1297.25
46569.0968832,5.801509,46569.3779983,-0.5,46569.2367963,946.25
46569.8079032,6.526698,46570.0960578,9.5,46569.950839,1078.25
46570.5227304,5.511434,46570.8097901,22.5,46570.6758115,1114.25
46571.2406855,5.511434,46571.5086547,16.5,46571.3866758,1138.25
46571.9467505,13.92362,46572.2336717,-6,46572.0917409,1282.75
46572.6646201,14.35874,46572.9408238,-4,46572.7816893,1428.75
46573.3466643,14.2137,46573.6305968,-4,46573.4855671,1588.25
46574.0496303,14.06866,46574.3196035,0,46574.1766224,1734.75
46574.7555053,13.92362,46575.0455879,4,46574.8915111,1944.75
46575.4695858,14.06866,46575.7684502,4.5,46575.6015466,2173.75
46576.207547,14.2137,46576.4748662,5,46576.3445666,2414.5
46576.9104131,14.2137,46577.2057789,6,46577.0545495,2613
46577.5195442,14.35874,46577.7185551,10,46577.6334656,2733.75
46577.8905654,14.2137,46578.0855995,11,46577.9865448,2938
46578.543574,7.541962,46578.73054,19,46578.6365527,2940.25
46578.9275073,3.045793,46579.1245952,22.5,46579.0325265,2967.75
46579.3175755,2.900755,46579.518546,22.5,46579.4135592,2909.75
46579.7154739,2.755717,46579.9025588,22.5,46579.8005574,2811.75
46580.0895668,2.610679,46580.290539,22.5,46580.1845745,2755.75
46580.4635527,2.610679,46580.6405474,22.5,46580.5495497,2637.25
46580.8145764,2.610679,46581.0105523,22.5,46580.9155489,2603.75
46581.2404737,2.610679,46581.4395735,22.5,46581.335549,2468
46581.6385432,2.610679,46581.8324542,22.5,46581.7325502,2321.75
46582.033447,2.610679,46582.2135886,22.5,46582.1165562,1815.75
46582.4904797,3.625943,46582.7607739,22.5,46582.615528,1089.75
46583.1805465,6.38166,46583.4696234,13,46583.3274424,1128.25
46583.9095389,5.076321,46584.2114733,21.5,46584.0545572,1060.25
46584.6205338,5.511434,46584.92254,17.5,46584.7894646,1055.75
46585.3795282,5.366396,46585.6822478,-2,46585.5244619,1069.5
46586.104512,6.38166,46586.3774118,31.5,46586.2354835,1485
46586.8133886,8.412189,46587.1004313,23,46586.9584551,1426
46587.5534001,8.99234,46587.846389,21.5,46587.7003081,1723
46588.2552613,9.427453,46588.5454917,25,46588.3983246,2040.75
46588.9642474,8.267151,46589.2584842,38,46589.1141978,2321
46589.6912211,6.671736,46589.9842493,42.5,46589.8371523,2527
46590.4230915,3.19083,46590.7140661,22.5,46590.5670862,2016.5
46591.2520299,4.786245,46591.5451137,22.5,46591.4091,989.25
46591.974998,5.801509,46592.2440864,13,46592.1179578,1061.25
46592.6540219,5.511434,46592.9489533,14.5,46592.8069249,1055.75
46593.38389,5.511434,46593.6679433,17.5,46593.5279763,1053
46594.1128104,5.366396,46594.3948733,18.5,46594.2498839,1062.5
46594.8272005,5.221359,46595.0627403,18,46594.9638796,1077.75
46595.338815,5.221359,46595.5387911,18,46595.449747,1065.75
46595.7507768,5.366396,46595.9357862,18,46595.8490102,1060.75
46596.141853,5.366396,46596.3318742,16.5,46596.2238561,1048.75
46596.5358518,5.366396,46596.7168608,21.5,46596.6229478,1031.75
46596.89897,5.511434,46597.0679861,19.5,46596.9919923,1039.25
46597.2510433,5.511434,46597.451064,17,46597.3370417,1038
46597.6260936,5.511434,46597.8510301,17.5,46597.7511036,1044
46598.0331453,5.511434,46598.2261771,17,46598.1411977,1044.25
46598.429229,5.511434,46598.623385,17.5,46598.5272451,1046.5
46598.8203044,5.511434,46599.0003039,16.5,46598.9053181,1038.25
46599.1683652,5.511434,46599.3423588,14.5,46599.249268,1036
46599.5373986,5.656472,46599.7414728,13,46599.626423,1025
46599.9294681,5.801509,46600.1524137,9,46600.0154896,996
46600.4195306,7.541962,46600.6715722,27.5,46600.5425335,1355
46601.1125629,4.931283,46601.4116888,37.5,46601.2636872,2048.75
46601.8396763,6.961812,46602.139834,42,46601.9646973,2325.5
46602.567895,6.091585,46602.8619399,43,46602.718897,3133.25
46603.2899941,6.816774,46603.5790614,39.5,46603.4330395,3776.75
46604.0180579,5.511434,46604.3021777,44,46604.1401419,4536.5
46604.7402408,4.931283,46605.0082843,46,46604.8862875,4957.75
46605.4434129,5.511434,46605.7243715,46,46605.5755555,5256
46606.1724527,5.656472,46606.4623633,47.5,46606.314396,5693.5
46606.8478947,5.511434,46607.1383792,49,46606.9995813,5945.75
46607.5834956,2.175566,46607.8737475,22.5,46607.7505202,4923.25
46608.3163806,2.320604,46608.6080619,22.5,46608.4546421,3229.5
46609.0535693,2.900755,46609.320674,22.5,46609.1885913,1992.5
46609.7545989,4.49617,46610.0082118,22.5,46609.88878,1189.25
46610.4536541,5.076321,46610.7254141,10.5,46610.5846334,1154.75
46611.1746503,5.946547,46611.4416926,2.5,46611.3196646,929.25
46611.8826029,7.106849,46612.1492184,-1,46612.0270954,886.75
46612.5920568,6.961812,46612.8517715,2,46612.7576339,878.75
46613.1486914,6.961812,46613.3086757,2.5,46613.2427529,875
46613.4907755,6.961812,46613.6769591,2.5,46613.5757865,880.5
46613.8417869,6.816774,46614.013778,4,46613.9267833,860.75
46614.1667795,6.816774,46614.3279563,2.5,46614.2407905,867.25
46614.48195,6.816774,46614.6808488,3,46614.5758284,880.25
46614.8488314,6.816774,46614.9957729,3,46614.9328227,865.75
46615.1648248,6.816774,46615.3287869,2.5,46615.2398324,872
46615.7538726,6.816774,46615.9288526,3.5,46615.84181,858
46616.0842271,6.816774,46616.2418745,3,46616.1488689,853
46616.4248924,6.816774,46616.5909145,3.5,46616.4987943,863.5
46616.7659161,6.816774,46616.9698391,6,46616.8569242,841.5
46617.1708536,6.816774,46617.3639563,4.5,46617.2778404,861.75
46617.5649486,6.671736,46617.7549528,5.5,46617.6519737,850
46617.9579896,6.671736,46618.2704007,5.5,46618.1259433,843.5
46618.675908,6.671736,46618.9560016,4.5,46618.8089017,848.25
46619.3860162,6.671736,46619.6679447,7,46619.5220801,837.5
46620.1039654,6.671736,46620.3941318,6.5,46620.2519755,847
46620.8280985,6.671736,46621.0991142,6,46620.9740059,836
46621.5281332,6.816774,46621.8060608,11,46621.6491397,945.5
46622.2330934,12.18317,46622.5070852,16,46622.3741804,1990.25
46622.9482008,10.44272,46623.2451311,20,46623.0701988,2317.5
46623.667257,10.15264,46623.9541461,24,46623.8072456,2319.5
46624.3801745,10.0076,46624.664499,20,46624.521294,2032
46625.1183239,10.44272,46625.4124338,26,46625.2632048,2419.25
46625.8473125,10.29768,46626.1364882,28.5,46625.9913439,2825.75
46626.5542795,3.770981,46626.8315287,46.5,46626.7044162,2657.5
46627.2184403,12.47325,46627.5165657,8,46627.3693632,2179.75
46627.9484435,14.06866,46628.233378,7.5,46628.0893919,2059.25
46628.767404,14.2137,46629.0534882,8.5,46628.8987783,2278.75
46629.4575437,14.2137,46629.747533,10,46629.6014494,2569.75
46630.1694603,14.06866,46630.4480731,14,46630.3038116,2786
46630.7715829,13.92362,46630.9846175,17.5,46630.8665992,3042.25
46631.176587,13.48851,46631.3766207,22.5,46631.2696205,3157
46631.5836605,12.32821,46631.7856643,31.5,46631.6915966,3287
46631.9877108,7.106849,46632.1786632,43,46632.0926024,3348.5
46632.3487111,6.526698,46632.5176709,43.5,46632.4437292,3371.25
46632.6936009,6.526698,46632.8717062,34,46632.7767198,3370.75
46633.0637279,11.89309,46633.2447306,27.5,46633.1497741,3446.25
46633.4427566,9.572491,46633.605754,32,46633.5156538,3551.75
46633.779772,8.702264,46633.9487498,32,46633.8637626,3608
46634.1247781,9.572491,46634.2968115,30,46634.2128337,3682
46634.4937468,9.717528,46634.6997224,38.5,46634.5868128,3686.5
46634.892833,5.946547,46635.0698254,39.5,46634.9768271,3727.25
46635.2628505,5.946547,46635.4388403,40,46635.3508454,3734
46635.6148644,5.946547,46635.8438625,40,46635.7227825,3732
46636.1377931,6.961812,46636.4098599,36,46636.2688778,3763.75
46636.8401922,8.847302,46637.10298,30.5,46636.9849271,3857.75
46637.5428958,8.702264,46637.8073825,32.5,46637.6869712,3970.5
46638.2580145,7.541962,46638.5166756,40,46638.3800066,4058.75
46638.9660355,5.656472,46639.2180396,42.5,46639.0930449,4115
46639.6360766,3.335868,46639.9614444,19.5,46639.7980958,3977.25
46640.4021096,2.030528,46640.6730891,22.5,46640.5311369,3910.25
46641.1097491,2.030528,46641.393278,22.5,46641.253017,3689.75
46641.8141337,1.885491,46642.0842338,22.5,46641.9592108,3414.25
46642.5191701,2.030528,46642.7862796,22.5,46642.6541658,3143.5
46643.2122834,2.320604,46643.4972425,22.5,46643.3423945,2833.75
46643.9412345,2.465641,46644.2235615,22.5,46644.0773295,2362
46644.6523917,2.610679,46644.9424612,22.5,46644.7992917,1930
46645.3624384,3.045793,46645.6623909,22.5,46645.5174087,1713.75
46646.1093547,4.206094,46646.3927108,40,46646.2483804,1627.25
46646.8234195,10.0076,46647.0947573,-4.5,46646.969424,1593.75
46647.5185368,14.06866,46647.8087023,-1,46647.6635644,1700
46648.2605142,14.06866,46648.5168156,2.5,46648.3959076,1897
46648.8026457,14.06866,46648.9865989,3.5,46648.8886718,2031.5
46649.1876621,14.06866,46649.3606065,3.5,46649.282661,2150.25
46649.5466658,14.2137,46649.7247156,3.5,46649.6416998,2293.75
46649.9177212,14.2137,46650.1117269,3.5,46649.995718,2410.75
46650.3197988,14.35874,46650.4858132,4.5,46650.4007503,2563.25
46650.6877651,14.35874,46650.8747621,6,46650.7927849,2714
46651.0577709,14.35874,46651.2427344,7,46651.1447021,2847.5
46651.407718,14.50377,46651.5688161,9,46651.4828165,2931.75
46651.7628294,14.2137,46651.9307635,14,46651.8578669,3081.75
46652.1178648,13.34347,46652.2951309,24.5,46652.196711,3213.5
46652.5238928,7.832038,46652.7148154,45.5,46652.610818,3258.5
46652.9118383,3.19083,46653.1179418,6.5,46653.0059364,3215.25
46653.3128388,2.755717,46653.4819679,22.5,46653.3978555,3158.5
46653.759885,2.610679,46654.0431367,22.5,46653.9039835,3067.5
46654.4820278,2.465641,46654.7670289,22.5,46654.6229697,2876.75
46655.1750604,2.900755,46655.4589896,22.5,46655.3160844,1495
46655.9030519,5.946547,46656.1921369,6,46656.0401246,1023.5
46656.6201521,6.236623,46656.9101676,9.5,46656.7481654,1064
46657.3521989,5.946547,46657.6753324,11.5,46657.4871875,1022.25
46658.0822031,5.946547,46658.4024828,14,46658.2582548,1018.75
46658.8162628,5.946547,46659.1072868,12,46658.9711734,1020.5
46659.5412849,6.526698,46659.8242046,33.5,46659.6872734,1425.25
46660.2502103,6.091585,46660.5273063,34,46660.372311,1929.25
46660.9483197,9.717528,46661.2383327,26,46661.0932586,2292.5
46661.6752657,10.73279,46661.9592923,29.5,46661.8124279,2801.75
46662.3873118,9.862566,46662.6753923,32,46662.5314106,3242.5
46663.0964237,8.702264,46663.3920714,32,46663.2564421,3617.25
46663.8094441,7.687,46664.0903895,37,46663.9554557,3916
46664.5147717,7.251887,46664.8014031,39.5,46664.6574608,4177
46665.2126458,6.961812,46665.4917512,39.5,46665.3554214,4435.5
46665.938999,6.961812,46666.2266911,41,46666.0715333,4687
46666.5185682,6.816774,46666.7396453,41,46666.6275806,4884.75
46666.9407671,6.816774,46667.1166308,40.5,46667.0316114,5012.5
46667.3216313,7.251887,46667.5186332,40,46667.4236366,5168.25
46667.7166626,7.106849,46667.9196519,41,46667.8256759,5304
46668.1146179,7.106849,46668.3075941,42,46668.2215387,5479.25
46668.5396372,6.961812,46668.6997041,43.5,46668.624761,5597.5
46668.877738,6.38166,46669.0327739,45.5,46668.9478768,5632.5
46669.2297742,5.801509,46669.3928069,46.5,46669.3047489,5709.75
46669.5447144,5.511434,46669.7018111,48.5,46669.6278022,5771.25
46669.8738106,5.366396,46670.0408049,47.5,46669.9447835,5692
46670.2368283,4.786245,46670.4308447,48.5,46670.341755,5672
46670.5998673,4.206094,46670.7607656,48.5,46670.6878945,5660.25
46670.9158845,4.061057,46671.1179071,22.5,46671.0238892,5552.75
46671.3009002,2.175566,46671.5609218,22.5,46671.414254,5398.5
46671.8571233,1.885491,46672.143694,22.5,46672.0031461,4933.25
46672.5883494,1.450377,46672.87295,22.5,46672.7320095,3496
46673.2940608,2.320604,46673.5783218,22.5,46673.4480548,2083.25
46674.0000964,3.625943,46674.2716889,22.5,46674.121104,1075.5
46674.7181708,6.38166,46674.97217,4,46674.8551463,1040.75
46675.4041819,8.412189,46675.7018692,28.5,46675.5494125,1972.5
46676.1222794,12.47325,46676.4193443,14.5,46676.2522538,2122
46676.8338384,12.90836,46677.1478219,22.5,46676.9982831,2880.75
46677.5932321,12.76332,46677.8622259,22,46677.7139737,3655.25
46678.2667662,12.18317,46678.5813904,25,46678.4084863,4462.75
46678.9873729,10.44272,46679.2536541,32,46679.1323754,5086.25
46679.688398,9.717528,46679.9845782,40,46679.8238538,5571
46680.3985933,7.541962,46680.7114655,45.5,46680.5385179,5847.25
46681.1323702,4.206094,46681.4350047,49,46681.2789732,5810
46681.8524971,3.480906,46682.1289194,49.5,46681.9915021,5619
46682.5422784,3.045793,46682.829758,51,46682.7074596,5451.5
46683.222868,2.755717,46683.5175744,53,46683.3739842,5233.25
46683.9416476,2.900755,46684.2126131,53,46684.0937261,4998.25
46684.4435975,2.900755,46684.6316222,52.5,46684.5376094,4842
46684.7815399,2.900755,46684.9616159,52.5,46684.8666339,4774.75
46685.126644,2.900755,46685.299678,52.5,46685.2116482,4646.25
46685.4526369,3.045793,46685.6356384,52.5,46685.5625777,4585.25
46685.8146639,3.045793,46685.9608973,53,46685.8926818,4494.5
46686.1266731,3.335868,46686.3027362,53,46686.2136798,4484.25
46686.4735983,3.480906,46686.6315408,53,46686.5606496,4415.25
46686.8366488,3.480906,46686.9877118,53.5,46686.9107521,4367.25
46687.1686254,3.480906,46687.3626478,53.5,46687.2437553,4313.75
46687.5177536,2.610679,46687.6657481,22.5,46687.590762,4221.25
46687.8408002,2.175566,46688.0026735,22.5,46687.9177856,4080.75
46688.1643414,2.030528,46688.3258082,22.5,46688.2416885,3944.5
46688.5128108,2.030528,46688.6806738,22.5,46688.5826507,3692.75
46688.9597517,2.175566,46689.1067377,22.5,46689.0447252,3298.5
46689.3348348,2.175566,46689.6307196,22.5,46689.4678455,2962
46690.0438757,2.465641,46690.3319212,22.5,46690.1999054,2344.75
46690.7399208,2.465641,46691.0279303,22.5,46690.8799264,2047.75
46691.4228134,2.900755,46691.6868689,43,46691.5649662,1798
46692.1310211,4.641208,46692.417005,30.5,46692.295015,1722.25
46692.8340517,4.931283,46693.0988626,36.5,46692.9780505,1711.5
46693.5083839,5.801509,46693.7951497,35,46693.6571621,1809
46694.2250211,6.091585,46694.5045439,34.5,46694.3556331,1886
46694.9591589,6.091585,46695.2361966,36.5,46695.0831319,1986
46695.6472261,5.511434,46695.9162826,40.5,46695.7754566,2058
46696.351219,5.366396,46696.6331502,7.5,46696.4910935,2209.75
46697.0352487,14.35874,46697.3172962,13.5,46697.188215,2705.25
46697.7503176,14.50377,46698.0552354,22.5,46697.9006618,3585.5
46698.4683445,2.175566,46698.7426647,9,46698.6248275,3335.75
46699.2073137,2.175566,46699.4792532,22.5,46699.3384078,3047
46699.9105508,9.862566,46700.2323886,15.5,46700.0604836,3076.5
46700.6407234,14.64881,46700.9319567,17.5,46700.7610098,3724.75
46701.3471214,14.50377,46701.6397097,20,46701.5124985,4628.5
46701.9944832,2.175566,46702.162596,21.5,46702.0785789,4804
46702.5616269,1.885491,46702.7367681,22.5,46702.650627,4635.25
46702.8986421,1.885491,46703.074637,22.5,46702.9896533,4236.25
46703.240654,1.740453,46703.4066128,22.5,46703.3258447,3760.5
46703.5855906,1.885491,46703.7447281,22.5,46703.6596913,3279.25
46703.9397079,2.175566,46704.1016127,22.5,46704.0147513,2856
46704.2737265,2.465641,46704.4657303,22.5,46704.3607179,2427.75
46704.640779,2.465641,46704.7887606,22.5,46704.7148027,1934.5
46704.949768,2.900755,46705.1227894,22.5,46705.0367868,1569.75
46705.2816907,3.19083,46705.4527865,22.5,46705.3586837,1489.5
46705.5966473,3.480906,46705.7857366,22.5,46705.6848535,1375
46705.9478236,3.916019,46706.1238587,21,46706.0369767,1254.75
46706.2817822,4.206094,46706.4628508,20,46706.3658745,1163.25
46706.6638875,4.351132,46706.8368818,10,46706.75188,1076.25
46707.0468288,4.786245,46707.3438742,22.5,46707.2129137,1022.5
46707.7509236,5.946547,46708.0433257,21.5,46707.8916062,991.25
46708.491888,6.236623,46708.7879985,21.5,46708.6109767,949
46709.2029401,6.38166,46709.4650066,21,46709.3350136,973.5
46709.8560446,6.38166,46710.1340668,23,46709.9955878,1004.5
46710.561201,6.236623,46710.8323685,24,46710.6930948,1028.25
46711.2577004,6.236623,46711.5422564,24,46711.4161343,1032.75
46711.9622178,6.236623,46712.2612171,24,46712.1071699,1031.75
46712.659683,5.656472,46712.9494367,16.5,46712.801209,1020
46713.3933573,5.511434,46713.6794976,16,46713.5377756,938.25
46714.1113992,6.38166,46714.4113122,5,46714.2752532,885.5
46714.8403797,7.687,46715.1085583,7.5,46714.9713249,882
46715.5527458,7.541962,46715.8346406,14,46715.7153107,946
46716.3066445,6.671736,46716.5953441,12.5,46716.4274705,971.25
46717.0216888,6.526698,46717.3059677,7,46717.1536477,1022.75
46717.7238299,6.091585,46718.0284784,9,46717.8614894,1012
46718.4654485,6.091585,46718.7258906,6,46718.5866015,992.75
46719.1707958,6.816774,46719.461552,12.5,46719.3144759,897.25
46719.8355902,12.18317,46720.0204852,-8.5,46719.9396054,1046.75
46720.214755,13.48851,46720.400579,-9,46720.2996152,1053.75
46720.567503,13.34347,46720.7476504,-6.5,46720.6526532,1081.25
46720.9296421,12.76332,46721.0997851,-2,46721.0125767,1219.5
46721.2906879,12.32821,46721.4916908,0,46721.3736627,1411.5
46721.6946792,12.18317,46721.8947214,5,46721.7747027,1642.75
46722.0796943,11.89309,46722.2647262,10.5,46722.1727368,1877
46722.429699,12.47325,46722.6136265,9.5,46722.524732,2101
46722.801661,12.61828,46722.9717364,8,46722.8947445,2345.25
46723.1677607,13.0534,46723.3398216,12,46723.2557655,2578
46723.4996703,13.0534,46723.6867963,16,46723.603765,2869
46723.9137797,12.90836,46724.0906781,19,46724.0047024,3243.75
46724.295835,12.61828,46724.4868516,19.5,46724.4037091,3629.75
46724.7048221,11.89309,46724.9598458,23,46724.8167098,4048
46725.2729795,10.73279,46725.5678683,25.5,46725.4228649,4626.25
46726.004888,8.99234,46726.3029497,37,46726.1318811,5200.5
46726.7349255,8.122113,46726.9983061,40,46726.8669555,5592.25
46727.4498866,7.832038,46727.7140054,42,46727.5969896,5903.75
46728.1290734,7.832038,46728.4140756,44.5,46728.2719462,6146.75
46728.8511219,7.106849,46729.1370188,46.5,46728.9961042,6308.25
46729.5700274,6.671736,46729.8503887,49,46729.7041591,6393
46730.2771901,3.770981,46730.5794297,51.5,46730.4052935,6151.75
46731.0022284,3.480906,46731.2792714,50.5,46731.1319888,6069
46731.7113398,3.916019,46732.0213435,49,46731.879363,5892.75
46732.4431593,4.061057,46732.7324268,48.5,46732.582452,5768.5
46733.1544102,4.351132,46733.4015509,48.5,46733.2793963,5709.75
46733.8513477,4.49617,46734.1154443,48.5,46733.971432,5643.25
46734.517571,4.351132,46734.8095665,48.5,46734.6714731,5586.5
46735.2405587,4.351132,46735.5106888,49,46735.3655234,5522.25
46735.9355603,4.49617,46736.2226062,49,46736.0789036,5453.5
46736.656603,3.770981,46736.9238786,52.5,46736.8045343,5367
46737.3795668,2.175566,46737.6206916,53,46737.5256683,5116.25
46737.8757019,4.641208,46738.0255144,38,46737.9506761,5052.5
46738.2196524,4.786245,46738.3777276,42.5,46738.2936343,4998.25
46738.5428148,3.19083,46738.6831652,22.5,46738.6196265,4866.5
46739.1017307,3.625943,46739.275759,33.5,46739.1877641,3031.5
46739.4507557,13.19843,46739.6197625,17,46739.5357112,2928.75
46739.7918054,13.77859,46739.9497925,16.5,46739.8757917,3028
46740.093705,13.77859,46740.2298022,18,46740.1557107,3151.75
46740.3918192,13.48851,46740.5738279,20,46740.4988468,3265.25
46740.761829,13.34347,46740.9167502,21,46740.8307476,3394.25
46741.0827545,12.32821,46741.2387775,29,46741.166864,3510
46741.3978646,10.15264,46741.5738664,30,46741.4998922,3586
46741.7359075,10.0076,46741.9029519,31.5,46741.8289204,3676.25
46742.0748981,5.366396,46742.2398382,22.5,46742.1598237,3675.25
46742.4198212,2.465641,46742.5848452,22.5,46742.5129839,3619.5
46742.8319358,2.175566,46743.1049942,22.5,46742.978963,3574
46743.5219797,2.030528,46743.8252505,22.5,46743.6689033,3429
46744.2400238,1.885491,46744.4850238,22.5,46744.3660226,3298.5
46744.9050555,2.030528,46745.1880404,22.5,46745.0461399,3162.5
46745.6490126,2.030528,46745.9441115,22.5,46745.7791115,3039
46746.3671381,2.320604,46746.6340646,22.5,46746.4946655,2884.25
46747.0661013,2.320604,46747.3375514,22.5,46747.1891439,2541.5
46747.7709518,2.320604,46748.064304,22.5,46747.9312296,2061.75
46748.5072983,2.900755,46748.8102128,22.5,46748.6533251,1679
46749.1973211,3.19083,46749.505371,22.5,46749.3403462,1528.25
46749.9052401,8.99234,46750.1993246,8.5,46750.0394856,1510.25
46750.7054625,10.0076,46750.9715985,-3,46750.8514714,1639.75
46751.395487,14.06866,46751.6796586,-1,46751.5514928,1728.5
46752.1315145,14.06866,46752.4151197,2,46752.2516168,1887.75
46752.8249104,14.06866,46753.1045138,3,46752.9605931,2132.25
46753.4995556,14.2137,46753.7927376,3.5,46753.6312313,2345.75
46754.2257889,14.35874,46754.5127056,5,46754.3706353,2608
46754.9507819,14.50377,46755.2107389,7.5,46755.0887281,2887.25
46755.5436859,14.50377,46755.7357413,12,46755.6486843,3092
46755.8997985,14.50377,46756.0527922,13.5,46755.9747919,3231
46756.2077235,14.35874,46756.3618472,15.5,46756.2727568,3356.5
46756.5347601,14.50377,46756.7157844,17.5,46756.6258539,3483.5
46756.8788635,14.50377,46757.0507827,17.5,46756.9619531,3599.25
46757.2109267,14.06866,46757.3868828,18,46757.3059155,3723.25
46757.5458121,13.63355,46757.735918,28.5,46757.6498001,3849.75
46757.9279092,3.045793,46758.0738111,5,46758.0039098,3744.75
46758.2498415,2.175566,46758.4159719,16,46758.3399628,3780.25
46758.5859587,2.320604,46758.7308546,22.5,46758.6688627,3676.75
46758.9379768,2.175566,46759.1279612,22.5,46759.0319656,3402
46759.2930044,2.320604,46759.455885,22.5,46759.3889991,3059.75
46759.6499062,2.465641,46759.8199083,22.5,46759.7359368,2619.5
46760.0110398,2.465641,46760.1990652,22.5,46760.1050209,1940.25
46760.3650383,3.045793,46760.5990452,22.5,46760.4629954,1371
46760.8580446,4.931283,46761.150076,22.5,46760.9986873,935.75
46761.6971101,6.38166,46761.9614432,5,46761.8170999,978
46762.391154,6.816774,46762.6440447,-9,46762.506432,863.5
46763.0911705,14.35874,46763.3782377,-4.5,46763.2541777,1044.5
46763.7952161,14.35874,46764.0692242,-5,46763.9262582,1126.75
46764.4772573,14.35874,46764.7421627,-4.5,46764.5963549,1325.25
46765.1193392,14.35874,46765.4362895,-2.5,46765.2595131,1469.75
46765.8573158,14.2137,46766.1285395,1,46765.9823287,1630
46766.5553597,14.06866,46766.808395,4,46766.6793692,1842.25
46767.2314361,14.06866,46767.5236863,4,46767.3883932,2074.75
46767.9316128,14.2137,46768.2274712,4,46768.0844218,2301
46768.6497938,14.35874,46768.9429858,5.5,46768.8144839,2553.75
46769.3604812,14.35874,46769.6657314,7,46769.5020327,2790
46770.0716827,14.50377,46770.3717276,12.5,46770.2377903,3095.25
46770.8095447,14.64881,46771.0803303,18,46770.9495701,3389.75
46771.5056837,13.92362,46771.817821,24,46771.6806048,3687.75
46772.2379289,3.480906,46772.5246427,7.5,46772.3606317,3669
46772.9586231,13.77859,46773.2396757,22.5,46773.0891233,3807.75
46773.5446445,2.320604,46773.7367094,22,46773.638709,3690.25
46773.8967041,2.320604,46774.0656997,22.5,46773.9927191,3466.5
46774.1977473,2.175566,46774.3607643,22.5,46774.2826613,3085.25
46774.5527489,2.320604,46774.732736,22.5,46774.628685,2402.25
46774.9867636,2.755717,46775.1556719,22.5,46775.0707639,1598.5
46775.3147889,3.480906,46775.4727502,22.5,46775.3987858,1132.25
46775.6358031,5.221359,46775.8037876,22.5,46775.7307051,976.25
46775.9517968,6.236623,46776.0937041,7.5,46776.0258202,1026
46776.2658298,5.946547,46776.4448425,8.5,46776.3508395,1050.75
46776.6218424,5.656472,46776.7858594,12,46776.6988521,1026
46776.9587634,5.656472,46777.1288581,12,46777.0318525,1034.5
46777.3149564,5.656472,46777.4797713,14,46777.3988763,1009.75
46777.6657936,5.656472,46777.8648271,13,46777.7589129,1008
46778.0648161,5.656472,46778.2359305,13,46778.1519337,1002.75
46778.5359355,6.816774,46778.8319977,30,46778.689882,1435.75
46779.2599736,7.687,46779.5452633,23.5,46779.4009807,1389.25
46779.9749466,8.99234,46780.2490385,17,46780.1050571,1538.25
46780.681053,9.862566,46780.9730741,21,46780.8290003,1655.75
46781.4041048,9.137378,46781.6830282,23,46781.5461238,1795.5
46782.1240488,8.847302,46782.4132024,24,46782.2770671,1877
46782.8261893,8.557226,46783.1092479,27,46782.974199,1987.75
46783.541158,8.267151,46783.8311688,28.5,46783.6901806,2040
46784.2441779,8.702264,46784.5232826,24.5,46784.3882739,2131.25
46784.9584913,6.961812,46785.2653339,42.5,46785.1132813,2221.5
46785.7008651,4.641208,46785.9753598,42.5,46785.8453683,2229.75
46786.4183,4.641208,46786.6815252,42,46786.5528083,2207
46787.1227988,3.770981,46787.4134082,42,46787.2682908,2115.5
46787.8654584,5.946547,46788.1546521,38.5,46788.0094244,2175.75
46788.5953743,4.931283,46788.8956172,41.5,46788.74944,2164
46789.3305321,3.480906,46789.6196531,22.5,46789.4753963,1885.75
46790.0193633,3.770981,46790.3093277,22.5,46790.1624456,1020.75
46790.7353584,6.38166,46791.025446,-2,46790.8786025,1004.75
46791.2933924,5.946547,46791.468435,10,46791.373444,1034.75
46791.6664758,5.801509,46791.8633576,12.5,46791.7734604,1014.75
46792.0674563,5.801509,46792.2604802,14,46792.1724461,1011
46792.4564783,5.801509,46792.6423776,14.5,46792.5464969,1008
46792.8224473,5.801509,46793.0034554,14.5,46792.9093831,1014.25
46793.1774681,5.946547,46793.3264596,14.5,46793.2433543,1002.75
46793.4984646,5.946547,46793.696378,16,46793.5833928,1003.5
46793.8614663,5.946547,46794.023429,15,46793.9475013,982
46794.189489,5.946547,46794.371474,9,46794.2734591,1001.25
46794.5464516,5.946547,46794.706381,11,46794.6364591,1002.75
46794.8724684,5.946547,46795.0684391,10,46794.9804829,1009
46795.2484798,5.946547,46795.4094827,8.5,46795.323452,985.5
46795.5873772,5.946547,46795.7644531,7.5,46795.6704765,971.25
46795.9193716,6.236623,46796.1113861,5.5,46796.0124611,972.25
46796.3873647,6.091585,46796.6473508,4,46796.530483,936.5
46797.0904587,6.236623,46797.3715006,3.5,46797.2585777,872
46797.7985613,6.526698,46798.0683585,2.5,46797.9270834,833.75
46798.486688,6.526698,46798.7778548,3,46798.6326555,832.25
46799.1767421,6.671736,46799.4837742,3,46799.341659,827.75
46799.8897981,6.671736,46800.1521053,4.5,46800.0108294,831.75
46800.5388984,6.526698,46800.8290874,4.5,46800.6720206,825.5
46801.232058,6.526698,46801.5171918,6.5,46801.3658167,820.25
46801.9741258,6.671736,46802.2512161,4.5,46802.1150407,829
46802.6545649,7.541962,46802.9384197,12.5,46802.8071899,692.25
46803.3426077,9.427453,46803.6492813,-13.5,46803.4844817,893
46804.0693261,7.106849,46804.3439808,18.5,46804.2013566,988.75
46804.7700723,8.122113,46805.0333479,-6,46804.9144939,826.25
46805.4725354,8.122113,46805.7688711,-4.5,46805.6140218,866
46806.19602,8.267151,46806.4988952,-9,46806.3456465,836.5
46806.9340455,7.687,46807.231661,0.5,46807.0887058,1005.5
46807.639903,6.816774,46807.9287712,1.5,46807.7828571,1047.25
46808.3139433,6.38166,46808.6018312,7,46808.4448425,1008.25
46808.9488546,6.236623,46809.1197717,7,46809.0438488,1007
46809.3118227,6.236623,46809.4898982,4.5,46809.3968843,995.75
46809.6548887,6.38166,46809.8148989,4.5,46809.7207438,976.5
46810.0038266,6.526698,46810.2029333,4.5,46810.1098159,999.75
46810.409935,6.236623,46810.5977969,7,46810.5118858,1029.25
46810.8110408,5.946547,46810.9928324,10,46810.9112584,1024.25
46811.2589969,5.656472,46811.4260081,13.5,46811.3420192,1013.75
46811.5990142,5.656472,46811.8030295,12,46811.7099446,1004.5
46811.9660636,5.656472,46812.144051,14,46812.0600399,1001.25
46812.3189802,5.656472,46812.5120423,13,46812.4149702,999
46812.6750773,5.656472,46812.8550999,11,46812.7611022,994.5
46813.049103,5.656472,46813.2190184,12,46813.1330217,981.5
46813.4091164,5.656472,46813.6001374,10.5,46813.5120945,963
46813.7991688,5.946547,46814.0401712,10,46813.885174,962.5
46814.3331439,6.091585,46814.6182105,7,46814.4821504,970.5
46815.0542511,6.236623,46815.3131589,3,46815.1901632,928.5
46815.7551868,6.38166,46816.0384715,4,46815.9032069,881.5
46816.4772452,6.671736,46816.7406073,3,46816.6203328,844.5
46817.1723673,6.816774,46817.4766537,3,46817.3293285,848.5
46817.8974145,6.671736,46818.1785867,5,46818.0433667,834.75
46818.5833653,6.526698,46818.8807232,4.5,46818.7334553,820
46819.3095097,6.526698,46819.5995031,6,46819.4553935,803.75
46820.0355172,6.526698,46820.3085405,16.5,46820.1785849,806.75
46820.7604161,6.671736,46821.0528193,35.5,46820.9039979,1619.25
46821.4735023,4.931283,46821.7536077,22.5,46821.6165229,1877.25
46822.1945397,4.351132,46822.4549427,22.5,46822.3247493,1542.5
46822.9035702,4.641208,46823.1866962,36.5,46823.0486679,1439.5
46823.6019454,5.076321,46823.892932,37,46823.7485563,1675.5
46824.3086474,5.221359,46824.5749315,38,46824.4448468,1897.75
46824.9839523,4.641208,46825.2789441,39,46825.1489671,2040
46825.7048246,4.49617,46825.9700617,39.5,46825.826799,2073
46826.4048534,4.49617,46826.669833,40.5,46826.5528655,2099.75
46826.9478896,4.351132,46827.1098642,41,46827.023879,2115.75
46827.3099186,4.351132,46827.4909039,41,46827.3969003,2115.25
46827.6298083,4.351132,46827.7919096,41,46827.7078153,2120
46827.9540801,5.221359,46828.1109101,41.5,46828.0269091,2198
46828.2759301,5.511434,46828.4349209,45,46828.3491517,2460
46828.6379358,5.221359,46828.8099626,47,46828.7219753,2709.5
46828.9739723,5.076321,46829.1469546,48.5,46829.0629502,2879
46829.3438754,4.786245,46829.5239741,52,46829.4379851,2995.75
46829.6769804,4.49617,46829.8259934,52,46829.752013,3027
46830.0370015,4.49617,46830.1750086,52.5,46830.1039349,3044.5
46830.3550431,4.351132,46830.5230143,52.5,46830.4370347,3045.5
46830.7180386,4.351132,46830.8970269,52.5,46830.8230379,3036.5
46831.0620503,4.351132,46831.2230797,52.5,46831.1470214,3039.5
46831.3980748,4.351132,46831.5650007,52.5,46831.492063,3034.25
46831.7660284,4.351132,46832.0283017,52.5,46831.8890953,3031
46832.3021183,4.351132,46832.5725653,22.5,46832.4371194,2934
46833.023898,3.335868,46833.3052372,22.5,46833.153154,2080
46833.7491935,4.641208,46834.0140844,22.5,46833.8931869,1698
46834.4546789,4.641208,46834.7251327,22.5,46834.595254,1586.25
46835.164296,4.786245,46835.4345112,12,46835.2922406,1392.5
46835.8730996,5.656472,46836.171817,5.5,46836.0206978,1226.5
46836.6333242,6.091585,46836.8993931,-0.5,46836.7743518,1085.25
46837.3184614,7.251887,"","","",""
