<?xml version="1.0" encoding="UTF-8"?>
<!DOCTYPE coverity SYSTEM "config.dtd">
<coverity>

<metrics>
    <metric>
        <name>time</name>
        <value>148</value>
    </metric>
    <metric>
        <name>args</name>
        <value>cov-build --dir cov-int</value>
    </metric>
    <metric>
        <name>host</name>
        <value>PC-PC</value>
    </metric>
    <metric>
        <name>short-platform</name>
        <value>win64</value>
    </metric>
    <metric>
        <name>platform</name>
        <value>Windows 7 Professional, 64-bit, Service Pack 1 (build 7601)</value>
    </metric>
    <metric>
        <name>ident</name>
        <value>7.6.0 (build 9b77a50df0 p-harmony-push-21098.563)</value>
    </metric>
    <metric>
        <name>user</name>
        <value>pc</value>
    </metric>
    <metric>
        <name>cwd</name>
        <value>C:\stuff\rusefi_sourceforge\firmware</value>
    </metric>
    <metric>
        <name>config</name>
        <value>C:\Program Files\cov-analysis-win64-7.6.0\config\coverity_config.xml</value>
    </metric>
    <metric>
        <name>intermediatedir</name>
        <value>c:\stuff\rusefi_sourceforge\firmware\cov-int</value>
    </metric>
    <metric>
        <name>outputdir</name>
        <value>c:\stuff\rusefi_sourceforge\firmware\cov-int\output</value>
    </metric>
    <metric>
        <name>emitdir</name>
        <value>c:\stuff\rusefi_sourceforge\firmware\cov-int\emit</value>
    </metric>
    <metric>
        <name>force</name>
        <value>no</value>
    </metric>
    <metric>
        <name>cygwin</name>
        <value>no</value>
    </metric>
    <metric>
        <name>failures</name>
        <value>0</value>
    </metric>
    <metric>
        <name>successes</name>
        <value>1</value>
    </metric>
    <metric>
        <name>uptodate</name>
        <value>210</value>
    </metric>
    <metric>
        <name>buildcmd</name>
        <value>make.exe</value>
    </metric>
</metrics>
</coverity>
