<roms>

<!-- @@generator_message@@ -->

    <rom>
        <romid>
            <xmlid>RUSEFI</xmlid>
            <internalidaddress>0</internalidaddress>
            <internalidstring>OPEN_SR5_0.1</internalidstring>
            <ecuid>RUSEFI</ecuid>
            <make>rusEfi</make>
            <model>rusEfi</model>
            <filesize>@@TOTAL_CONFIG_SIZE@@</filesize>
        </romid>

        <table type="3D" name="Ignition Advance"
        category="Ignition"
        storageaddress="@@ignitionTable_offset_hex@@"
               sizex="@@IGN_RPM_COUNT@@" sizey="@@IGN_LOAD_COUNT@@" storagetype="float" endian="big">
            <scaling units="Engine Load" expression="x" to_byte="x" format="0.00" fineincrement=".1"
                     coarseincrement="1"/>
            <table type="X Axis" storageaddress="@@ignitionRpmBins_offset_hex@@" storagetype="float" endian="big"
                   logparam="rpm">
                <scaling units="RPM" expression="x" to_byte="x" format="0.00" fineincrement=".1" coarseincrement="1"/>
            </table>
            <table type="Y Axis" storageaddress="@@ignitionLoadBins_offset_hex@@" storagetype="float" endian="big"
                   logparam="engine_load">
                <scaling units="degree" expression="x" to_byte="x" format="0.00" fineincrement=".1"
                         coarseincrement="1"/>
            </table>
        </table>

        <table type="3D" name="Ignition Advance IAT correction" 
        category="Ignition"
        storageaddress="@@ignitionIatCorrTable_offset_hex@@"
               sizex="@@IGN_RPM_COUNT@@" sizey="@@IGN_LOAD_COUNT@@" storagetype="float" endian="big">
            <scaling units="Engine Load" expression="x" to_byte="x" format="0.00" fineincrement=".1"
                     coarseincrement="1"/>
            <table type="X Axis" storageaddress="@@ignitionIatCorrRpmBins_offset_hex@@" storagetype="float" endian="big"
                   logparam="rpm">
                <scaling units="RPM" expression="x" to_byte="x" format="0.00" fineincrement=".1" coarseincrement="1"/>
            </table>
            <table type="Y Axis" storageaddress="@@ignitionIatCorrLoadBins_offset_hex@@" storagetype="float"
                   endian="big" logparam="engine_load">
                <scaling units="temperature, C" expression="x" to_byte="x" format="0.00" fineincrement=".1"
                         coarseincrement="1"/>
            </table>
        </table>

        <table type="3D" name="Volumetric Efficiency"
        category="Fuel"
        storageaddress="@@veTable_offset_hex@@"
               sizex="@@FUEL_RPM_COUNT@@" sizey="@@FUEL_LOAD_COUNT@@" storagetype="float" endian="big">
            <scaling units="Engine Load" expression="x" to_byte="x" format="0.00" fineincrement=".1"
                     coarseincrement="1"/>
            <table type="X Axis" storageaddress="@@veRpmBins_offset_hex@@" storagetype="float" endian="big"
                   logparam="rpm">
                <scaling units="RPM" expression="x" to_byte="x" format="0.00" fineincrement=".1" coarseincrement="1"/>
            </table>
            <table type="Y Axis" storageaddress="@@veLoadBins_offset_hex@@" storagetype="float" endian="big"
                   logparam="engine_load">
                <scaling units="degree" expression="x" to_byte="x" format="0.00" fineincrement=".1"
                         coarseincrement="1"/>
            </table>
        </table>

        <table type="3D" name="Fuel Table" 
        category="Fuel"
        storageaddress="@@fuelTable_offset_hex@@" sizex="@@FUEL_RPM_COUNT@@"
               sizey="@@FUEL_LOAD_COUNT@@" storagetype="float" endian="big">
            <scaling units="Engine Load" expression="x" to_byte="x" format="0.00" fineincrement=".1"
                     coarseincrement="1"/>
            <table type="X Axis" storageaddress="@@fuelRpmBins_offset_hex@@" storagetype="float" endian="big"
                   logparam="engine_load">
                <scaling units="RPM" expression="x" to_byte="x" format="0.00" fineincrement=".1"
                         coarseincrement="1"/>
            </table>
            <table type="Y Axis" storageaddress="@@fuelLoadBins_offset_hex@@" storagetype="float" endian="big"
                   logparam="rpm">
                <scaling units="engine_load" expression="x" to_byte="x" format="0.00" fineincrement=".1" coarseincrement="1"/>
            </table>
        </table>

        <table type="3D" name="FSIO Table #1" 
        category="FSIO"
        storageaddress="@@fsioTable1_offset_hex@@" sizex="@@FSIO_TABLE_8@@"
               sizey="@@FSIO_TABLE_8@@" storagetype="float" endian="big">
            <scaling units="Engine Load" expression="x" to_byte="x" format="0.00" fineincrement=".1"
                     coarseincrement="1"/>
            <table type="X Axis" storageaddress="@@fsioTable1RpmBins_offset_hex@@" storagetype="float" endian="big"
                   logparam="">
                <scaling units="RPM" expression="x" to_byte="x" format="0.00" fineincrement=".1"
                         coarseincrement="1"/>
            </table>
            <table type="Y Axis" storageaddress="@@fsioTable1LoadBins_offset_hex@@" storagetype="float" endian="big"
                   logparam="rpm">
                <scaling units="engine_load" expression="x" to_byte="x" format="0.00" fineincrement=".1" coarseincrement="1"/>
            </table>
        </table>

        <table type="3D" name="FSIO Table #2" 
        category="FSIO"
        storageaddress="@@fsioTable2_offset_hex@@" sizex="@@FSIO_TABLE_8@@"
               sizey="@@FSIO_TABLE_8@@" storagetype="uint8" endian="big">
            <scaling units="Engine Load" expression="x" to_byte="x" format="0.00" fineincrement=".1"
                     coarseincrement="1"/>
            <table type="X Axis" storageaddress="@@fsioTable2RpmBins_offset_hex@@" storagetype="float" endian="big"
                   logparam="engine_load">
                <scaling units="RPM" expression="x" to_byte="x" format="0.00" fineincrement=".1"
                         coarseincrement="1"/>
            </table>
            <table type="Y Axis" storageaddress="@@fsioTable2LoadBins_offset_hex@@" storagetype="float" endian="big"
                   logparam="rpm">
                <scaling units="engine_load" expression="x" to_byte="x" format="0.00" fineincrement=".1" coarseincrement="1"/>
            </table>
        </table>

        <table type="3D" name="FSIO Table #3" 
        category="FSIO"
        storageaddress="@@fsioTable3_offset_hex@@" sizex="@@FSIO_TABLE_8@@"
               sizey="@@FSIO_TABLE_8@@" storagetype="uint8" endian="big">
            <scaling units="Engine Load" expression="x" to_byte="x" format="0.00" fineincrement=".1"
                     coarseincrement="1"/>
            <table type="X Axis" storageaddress="@@fsioTable3RpmBins_offset_hex@@" storagetype="float" endian="big"
                   logparam="">
                <scaling units="RPM" expression="x" to_byte="x" format="0.00" fineincrement=".1"
                         coarseincrement="1"/>
            </table>
            <table type="Y Axis" storageaddress="@@fsioTable3LoadBins_offset_hex@@" storagetype="float" endian="big"
                   logparam="rpm">
                <scaling units="engine_load" expression="x" to_byte="x" format="0.00" fineincrement=".1" coarseincrement="1"/>
            </table>
        </table>

        <table type="3D" name="FSIO Table #4" 
        category="FSIO"
        storageaddress="@@fsioTable4_offset_hex@@" sizex="@@FSIO_TABLE_8@@"
               sizey="@@FSIO_TABLE_8@@" storagetype="uint8" endian="big">
            <scaling units="Engine Load" expression="x" to_byte="x" format="0.00" fineincrement=".1"
                     coarseincrement="1"/>
            <table type="X Axis" storageaddress="@@fsioTable4RpmBins_offset_hex@@" storagetype="float" endian="big"
                   logparam="engine_load">
                <scaling units="RPM" expression="x" to_byte="x" format="0.00" fineincrement=".1"
                         coarseincrement="1"/>
            </table>
            <table type="Y Axis" storageaddress="@@fsioTable4LoadBins_offset_hex@@" storagetype="float" endian="big"
                   logparam="engine_load">
                <scaling units="engine_load" expression="x" to_byte="x" format="0.00" fineincrement=".1" coarseincrement="1"/>
            </table>
        </table>

        <table type="3D" name="Target AFR"
        category="Fuel"
        storageaddress="@@afrTable_offset_hex@@" sizex="@@FUEL_LOAD_COUNT@@"
               sizey="@@FUEL_RPM_COUNT@@" storagetype="uint8" endian="big">
            <scaling units="Engine Load" expression="x/10" to_byte="x*10" format="0.00" fineincrement=".1"
                     coarseincrement="1"/>
            <table type="X Axis" storageaddress="@@afrRpmBins_offset_hex@@" storagetype="float" endian="big">
                <scaling units="RPM" expression="x" to_byte="x" format="0.00" fineincrement=".1"
                         coarseincrement="1"/>
            </table>
            <table type="Y Axis" storageaddress="@@afrLoadBins_offset_hex@@" storagetype="float" endian="big">
                <scaling units="engine_load" expression="x" to_byte="x" format="0.00" fineincrement=".1" coarseincrement="1"/>
            </table>
        </table>

        <table type="3D" name="Baro Correction"
        category="Fuel"
        storageaddress="@@baroCorrTable_offset_hex@@" sizex="@@BARO_CORR_SIZE@@"
               sizey="@@BARO_CORR_SIZE@@" storagetype="float" endian="big">
            <scaling units="Pressure" expression="x" to_byte="x" format="0.00" fineincrement=".1" coarseincrement="1"/>
            <table type="X Axis" storageaddress="@@baroCorrPressureBins_offset_hex@@" storagetype="float" endian="big">
                <scaling units="kPa" expression="x" to_byte="x" format="0.00" fineincrement=".1" coarseincrement="1"/>
            </table>
            <table type="Y Axis" storageaddress="@@baroCorrRpmBins_offset_hex@@" storagetype="float" endian="big">
                <scaling units="RPM" expression="x" to_byte="x" format="0.00" fineincrement=".1" coarseincrement="1"/>
            </table>
        </table>

        <table type="2D" name="Coolant-based Warnup Enrichment"
        category="Fuel"
        storageaddress="@@cltFuelCorr_offset_hex@@" sizex="16"
               storagetype="float" endian="big">
            <scaling units="Compensation (%)" expression="x" to_byte="x" format="0.00"
                     fineincrement=".01" coarseincrement="0.1"/>
            <table type="X Axis" storageaddress="@@cltFuelCorrBins_offset_hex@@" storagetype="float" endian="big">
                <scaling units="uni" expression="x" to_byte="x" format="0.00" fineincrement=".1" coarseincrement="1"/>
            </table>
        </table>

        <table type="2D" name="FSIO Curve #1" storageaddress="@@fsioCurve1_offset_hex@@"
        category="FSIO"
               sizex="@@FSIO_CURVE_16@@" storagetype="float" endian="big">
            <scaling units="Compensation (%)" expression="x" to_byte="x" format="0.00"
                     fineincrement=".01" coarseincrement="0.1"/>
            <table type="X Axis" storageaddress="@@fsioCurve1Bins_offset_hex@@" storagetype="float" endian="big">
                <scaling units="uni" expression="x" to_byte="x" format="0.00" fineincrement=".1" coarseincrement="1"/>
            </table>
        </table>

        <table type="2D" name="FSIO Curve #2" storageaddress="@@fsioCurve2_offset_hex@@"
        category="FSIO"
               sizex="@@FSIO_CURVE_16@@" storagetype="float" endian="big">
            <scaling units="Compensation (%)" expression="x" to_byte="x" format="0.00"
                     fineincrement=".01" coarseincrement="0.1"/>
            <table type="X Axis" storageaddress="@@fsioCurve2Bins_offset_hex@@" storagetype="float" endian="big">
                <scaling units="uni" expression="x" to_byte="x" format="0.00" fineincrement=".1" coarseincrement="1"/>
            </table>
        </table>

        <table type="2D" name="Coolant temperature-based extra idle air" storageaddress="@@cltIdleCorr_offset_hex@@"
               sizex="@@CLT_CURVE_SIZE@@" storagetype="float" endian="big">
            <scaling units="Compensation (%)" expression="x" to_byte="x" format="0.00"
                     fineincrement=".01" coarseincrement="0.1"/>
            <table type="X Axis" storageaddress="@@cltIdleCorrBins_offset_hex@@" storagetype="float" endian="big">
                <scaling units="uni" expression="x" to_byte="x" format="0.00" fineincrement=".1" coarseincrement="1"/>
            </table>
        </table>


        <table type="2D" name="Engine Noise" storageaddress="@@knockNoise_offset_hex@@"
               sizex="@@ENGINE_NOISE_CURVE_SIZE@@" storagetype="float" endian="big">
            <scaling units="Volts" expression="x" to_byte="x" format="0.00"
                     fineincrement=".01" coarseincrement="0.1"/>
            <table type="X Axis" storageaddress="@@knockNoiseRpmBins_offset_hex@@" storagetype="float" endian="big">
                <scaling units="RPM" expression="x" to_byte="x" format="0.00" fineincrement=".1" coarseincrement="1"/>
            </table>
        </table>

        <table type="2D" name="Injector Lag" storageaddress="@@injector_battLagCorr_offset_hex@@"
               sizex="@@VBAT_INJECTOR_CURVE_SIZE@@" storagetype="float" endian="big">
            <scaling units="ms" expression="x" to_byte="x" format="0.00"
                     fineincrement=".01" coarseincrement="0.1"/>
            <table type="X Axis" storageaddress="@@injector_battLagCorrBins_offset_hex@@" storagetype="float" endian="big">
                <scaling units="Volts" expression="x" to_byte="x" format="0.00" fineincrement=".1" coarseincrement="1"/>
            </table>
        </table>

    </rom>
</roms>