Time[s], igniter, large, small, Channel 3, Channel 4, Channel 5, Channel 6, Channel 7
0.000000000000000, 0, 1, 1, 1, 1, 1, 1, 1
1.327972750000000, 0, 0, 1, 1, 1, 1, 1, 1
1.403378000000000, 0, 1, 1, 1, 1, 1, 1, 1
1.403555250000000, 1, 1, 1, 1, 1, 1, 1, 1
1.403555500000000, 0, 1, 1, 1, 1, 1, 1, 1
1.403555750000000, 1, 1, 1, 1, 1, 1, 1, 1
1.456009500000000, 1, 0, 1, 1, 1, 1, 1, 1
1.456194000000000, 0, 0, 1, 1, 1, 1, 1, 1
1.485174000000000, 0, 0, 0, 1, 1, 1, 1, 1
1.498496500000000, 0, 1, 0, 1, 1, 1, 1, 1
1.498788000000000, 1, 1, 0, 1, 1, 1, 1, 1
1.515939250000000, 1, 0, 0, 1, 1, 1, 1, 1
1.516037000000000, 0, 0, 0, 1, 1, 1, 1, 1
1.541282750000000, 0, 1, 0, 1, 1, 1, 1, 1
1.541458000000000, 1, 1, 0, 1, 1, 1, 1, 1
1.555501000000000, 1, 0, 0, 1, 1, 1, 1, 1
1.555690750000000, 0, 0, 0, 1, 1, 1, 1, 1
1.566568250000000, 0, 0, 1, 1, 1, 1, 1, 1
1.575998500000000, 0, 1, 1, 1, 1, 1, 1, 1
1.576291750000000, 1, 1, 1, 1, 1, 1, 1, 1
1.588078000000000, 1, 0, 1, 1, 1, 1, 1, 1
1.588200500000000, 0, 0, 1, 1, 1, 1, 1, 1
1.605666750000000, 0, 1, 1, 1, 1, 1, 1, 1
1.605841000000000, 1, 1, 1, 1, 1, 1, 1, 1
1.616217750000000, 1, 0, 1, 1, 1, 1, 1, 1
1.616313750000000, 0, 0, 1, 1, 1, 1, 1, 1
1.624607500000000, 0, 0, 0, 1, 1, 1, 1, 1
1.631964250000000, 0, 1, 0, 1, 1, 1, 1, 1
1.632138250000000, 1, 1, 0, 1, 1, 1, 1, 1
1.641720000000000, 1, 0, 0, 1, 1, 1, 1, 1
1.641815000000000, 0, 0, 0, 1, 1, 1, 1, 1
1.656627500000000, 0, 1, 0, 1, 1, 1, 1, 1
1.656799500000000, 1, 1, 0, 1, 1, 1, 1, 1
1.666047500000000, 1, 0, 0, 1, 1, 1, 1, 1
1.666204250000000, 0, 0, 0, 1, 1, 1, 1, 1
1.673489000000000, 0, 0, 1, 1, 1, 1, 1, 1
1.680730000000000, 0, 1, 1, 1, 1, 1, 1, 1
1.680904750000000, 1, 1, 1, 1, 1, 1, 1, 1
1.690186750000000, 1, 0, 1, 1, 1, 1, 1, 1
1.690285250000000, 0, 0, 1, 1, 1, 1, 1, 1
1.704971000000000, 0, 1, 1, 1, 1, 1, 1, 1
1.705145750000000, 1, 1, 1, 1, 1, 1, 1, 1
1.714502000000000, 1, 0, 1, 1, 1, 1, 1, 1
1.714594500000000, 0, 0, 1, 1, 1, 1, 1, 1
1.722156500000000, 0, 0, 0, 1, 1, 1, 1, 1
1.729441750000000, 0, 1, 0, 1, 1, 1, 1, 1
1.729615000000000, 1, 1, 0, 1, 1, 1, 1, 1
1.739326750000000, 1, 0, 0, 1, 1, 1, 1, 1
1.739419750000000, 0, 0, 0, 1, 1, 1, 1, 1
1.754843750000000, 0, 1, 0, 1, 1, 1, 1, 1
1.755016250000000, 1, 1, 0, 1, 1, 1, 1, 1
1.765175750000000, 1, 0, 0, 1, 1, 1, 1, 1
1.765273000000000, 0, 0, 0, 1, 1, 1, 1, 1
1.765283750000000, 0, 0, 1, 1, 1, 1, 1, 1
1.765284000000000, 0, 0, 0, 1, 1, 1, 1, 1
1.773409000000000, 0, 0, 1, 1, 1, 1, 1, 1
1.781539250000000, 0, 1, 1, 1, 1, 1, 1, 1
1.781793500000000, 1, 1, 1, 1, 1, 1, 1, 1
1.792410250000000, 1, 0, 1, 1, 1, 1, 1, 1
1.792510250000000, 0, 0, 1, 1, 1, 1, 1, 1
1.809587250000000, 0, 1, 1, 1, 1, 1, 1, 1
1.809847000000000, 1, 1, 1, 1, 1, 1, 1, 1
1.820765250000000, 1, 0, 1, 1, 1, 1, 1, 1
1.820863750000000, 0, 0, 1, 1, 1, 1, 1, 1
1.829760500000000, 0, 0, 0, 1, 1, 1, 1, 1
1.838346250000000, 0, 1, 0, 1, 1, 1, 1, 1
1.843544500000000, 1, 1, 0, 1, 1, 1, 1, 1
1.848797000000000, 0, 1, 0, 1, 1, 1, 1, 1
1.849929750000000, 0, 0, 0, 1, 1, 1, 1, 1
1.868481750000000, 0, 1, 0, 1, 1, 1, 1, 1
1.873449750000000, 1, 1, 0, 1, 1, 1, 1, 1
1.878574500000000, 0, 1, 0, 1, 1, 1, 1, 1
1.880742750000000, 0, 0, 0, 1, 1, 1, 1, 1
1.890764250000000, 0, 0, 1, 1, 1, 1, 1, 1
1.900625500000000, 0, 1, 1, 1, 1, 1, 1, 1
1.907375500000000, 1, 1, 1, 1, 1, 1, 1, 1
1.912084000000000, 0, 1, 1, 1, 1, 1, 1, 1
1.913712000000000, 0, 0, 1, 1, 1, 1, 1, 1
1.934973500000000, 0, 1, 1, 1, 1, 1, 1, 1
1.942249000000000, 1, 1, 1, 1, 1, 1, 1, 1
1.946873750000000, 0, 1, 1, 1, 1, 1, 1, 1
1.949033500000000, 0, 0, 1, 1, 1, 1, 1, 1
1.960699500000000, 0, 0, 0, 1, 1, 1, 1, 1
1.971548750000000, 0, 1, 0, 1, 1, 1, 1, 1
1.980387000000000, 1, 1, 0, 1, 1, 1, 1, 1
1.985215500000000, 0, 1, 0, 1, 1, 1, 1, 1
1.985226750000000, 0, 1, 1, 1, 1, 1, 1, 1
1.985227000000000, 0, 1, 0, 1, 1, 1, 1, 1
1.986021500000000, 0, 0, 0, 1, 1, 1, 1, 1
2.009392500000000, 0, 1, 0, 1, 1, 1, 1, 1
2.018840750000000, 1, 1, 0, 1, 1, 1, 1, 1
2.023685500000000, 0, 1, 0, 1, 1, 1, 1, 1
2.025039000000000, 0, 0, 0, 1, 1, 1, 1, 1
2.037967250000000, 0, 0, 1, 1, 1, 1, 1, 1
2.050458500000000, 0, 1, 1, 1, 1, 1, 1, 1
2.061015000000000, 1, 1, 1, 1, 1, 1, 1, 1
2.066123500000000, 0, 1, 1, 1, 1, 1, 1, 1
2.067072000000000, 0, 0, 1, 1, 1, 1, 1, 1
2.094279000000000, 0, 1, 1, 1, 1, 1, 1, 1
2.105797000000000, 1, 1, 1, 1, 1, 1, 1, 1
2.111077750000000, 0, 1, 1, 1, 1, 1, 1, 1
2.112538250000000, 0, 0, 1, 1, 1, 1, 1, 1
2.127926750000000, 0, 0, 0, 1, 1, 1, 1, 1
2.142758750000000, 0, 1, 0, 1, 1, 1, 1, 1
2.155867500000000, 1, 1, 0, 1, 1, 1, 1, 1
2.161440250000000, 0, 1, 0, 1, 1, 1, 1, 1
2.163554250000000, 0, 0, 0, 1, 1, 1, 1, 1
2.198364500000000, 0, 1, 0, 1, 1, 1, 1, 1
2.213918250000000, 1, 1, 0, 1, 1, 1, 1, 1
2.219999000000000, 0, 1, 0, 1, 1, 1, 1, 1
2.221899500000000, 0, 0, 0, 1, 1, 1, 1, 1
2.241773500000000, 0, 0, 1, 1, 1, 1, 1, 1
2.259944500000000, 0, 1, 1, 1, 1, 1, 1, 1
2.276841500000000, 1, 1, 1, 1, 1, 1, 1, 1
2.284026000000000, 0, 1, 1, 1, 1, 1, 1, 1
2.284257750000000, 0, 0, 1, 1, 1, 1, 1, 1
2.323598750000000, 0, 1, 1, 1, 1, 1, 1, 1
2.340960500000000, 1, 1, 1, 1, 1, 1, 1, 1
2.348965000000000, 1, 0, 1, 1, 1, 1, 1, 1
2.349477250000000, 0, 0, 1, 1, 1, 1, 1, 1
2.370422000000000, 0, 0, 0, 1, 1, 1, 1, 1
2.389948750000000, 0, 1, 0, 1, 1, 1, 1, 1
2.408207750000000, 1, 1, 0, 1, 1, 1, 1, 1
2.416592750000000, 1, 0, 0, 1, 1, 1, 1, 1
2.417252500000000, 0, 0, 0, 1, 1, 1, 1, 1
2.460963000000000, 0, 1, 0, 1, 1, 1, 1, 1
2.480459250000000, 1, 1, 0, 1, 1, 1, 1, 1
2.492616250000000, 1, 0, 0, 1, 1, 1, 1, 1
2.493184250000000, 0, 0, 0, 1, 1, 1, 1, 1
2.519198250000000, 0, 0, 1, 1, 1, 1, 1, 1
2.542310250000000, 0, 1, 1, 1, 1, 1, 1, 1
2.542490250000000, 1, 1, 1, 1, 1, 1, 1, 1
2.573299250000000, 1, 0, 1, 1, 1, 1, 1, 1
2.573392000000000, 0, 0, 1, 1, 1, 1, 1, 1
2.620408500000000, 0, 1, 1, 1, 1, 1, 1, 1
2.620582000000000, 1, 1, 1, 1, 1, 1, 1, 1
2.649369000000000, 1, 0, 1, 1, 1, 1, 1, 1
2.649463750000000, 0, 0, 1, 1, 1, 1, 1, 1
2.673843500000000, 0, 0, 0, 1, 1, 1, 1, 1
2.695366750000000, 0, 1, 0, 1, 1, 1, 1, 1
2.695541750000000, 1, 1, 0, 1, 1, 1, 1, 1
2.725084250000000, 1, 0, 0, 1, 1, 1, 1, 1
2.725259500000000, 0, 0, 0, 1, 1, 1, 1, 1
2.767394750000000, 0, 1, 0, 1, 1, 1, 1, 1
2.767569250000000, 1, 1, 0, 1, 1, 1, 1, 1
2.792074500000000, 1, 0, 0, 1, 1, 1, 1, 1
2.792298750000000, 0, 0, 0, 1, 1, 1, 1, 1
2.812234250000000, 0, 0, 1, 1, 1, 1, 1, 1
2.829088500000000, 0, 1, 1, 1, 1, 1, 1, 1
2.829364250000000, 1, 1, 1, 1, 1, 1, 1, 1
2.851379250000000, 1, 0, 1, 1, 1, 1, 1, 1
2.851477500000000, 0, 0, 1, 1, 1, 1, 1, 1
2.886376750000000, 0, 1, 1, 1, 1, 1, 1, 1
2.886559000000000, 1, 1, 1, 1, 1, 1, 1, 1
2.908328500000000, 1, 0, 1, 1, 1, 1, 1, 1
2.908428250000000, 0, 0, 1, 1, 1, 1, 1, 1
2.926307250000000, 0, 0, 0, 1, 1, 1, 1, 1
2.941331250000000, 0, 1, 0, 1, 1, 1, 1, 1
2.955806250000000, 1, 1, 0, 1, 1, 1, 1, 1
2.961489750000000, 1, 0, 0, 1, 1, 1, 1, 1
2.961930750000000, 0, 0, 0, 1, 1, 1, 1, 1
2.961940750000000, 0, 0, 1, 1, 1, 1, 1, 1
2.961941000000000, 0, 0, 0, 1, 1, 1, 1, 1
2.992781000000000, 0, 1, 0, 1, 1, 1, 1, 1
3.006328500000000, 1, 1, 0, 1, 1, 1, 1, 1
3.012196250000000, 1, 0, 0, 1, 1, 1, 1, 1
3.012409250000000, 0, 0, 0, 1, 1, 1, 1, 1
3.028259500000000, 0, 0, 1, 1, 1, 1, 1, 1
3.042763500000000, 0, 1, 1, 1, 1, 1, 1, 1
3.056039000000000, 1, 1, 1, 1, 1, 1, 1, 1
3.061629250000000, 1, 0, 1, 1, 1, 1, 1, 1
3.061783750000000, 0, 0, 1, 1, 1, 1, 1, 1
3.090973250000000, 0, 1, 1, 1, 1, 1, 1, 1
3.103993250000000, 1, 1, 1, 1, 1, 1, 1, 1
3.109015500000000, 1, 0, 1, 1, 1, 1, 1, 1
3.109118000000000, 0, 0, 1, 1, 1, 1, 1, 1
3.123880500000000, 0, 0, 0, 1, 1, 1, 1, 1
3.137489500000000, 0, 1, 0, 1, 1, 1, 1, 1
3.149963500000000, 1, 1, 0, 1, 1, 1, 1, 1
3.155383250000000, 1, 0, 0, 1, 1, 1, 1, 1
3.155412250000000, 0, 0, 0, 1, 1, 1, 1, 1
3.183436750000000, 0, 1, 0, 1, 1, 1, 1, 1
3.195641750000000, 1, 1, 0, 1, 1, 1, 1, 1
3.201031750000000, 1, 0, 0, 1, 1, 1, 1, 1
3.201054500000000, 0, 0, 0, 1, 1, 1, 1, 1
3.215338250000000, 0, 0, 1, 1, 1, 1, 1, 1
3.228408250000000, 0, 1, 1, 1, 1, 1, 1, 1
3.240208000000000, 1, 1, 1, 1, 1, 1, 1, 1
3.245245500000000, 1, 0, 1, 1, 1, 1, 1, 1
3.245344500000000, 0, 0, 1, 1, 1, 1, 1, 1
3.271385250000000, 0, 1, 1, 1, 1, 1, 1, 1
3.282698000000000, 1, 1, 1, 1, 1, 1, 1, 1
3.287613500000000, 1, 0, 1, 1, 1, 1, 1, 1
3.287778500000000, 0, 0, 1, 1, 1, 1, 1, 1
3.300882500000000, 0, 0, 0, 1, 1, 1, 1, 1
3.313203000000000, 0, 1, 0, 1, 1, 1, 1, 1
3.324144000000000, 1, 1, 0, 1, 1, 1, 1, 1
3.329236500000000, 0, 1, 0, 1, 1, 1, 1, 1
3.329472000000000, 0, 0, 0, 1, 1, 1, 1, 1
3.355105750000000, 0, 1, 0, 1, 1, 1, 1, 1
3.366094000000000, 1, 1, 0, 1, 1, 1, 1, 1
3.371254750000000, 0, 1, 0, 1, 1, 1, 1, 1
3.371418250000000, 0, 0, 0, 1, 1, 1, 1, 1
3.384650250000000, 0, 0, 1, 1, 1, 1, 1, 1
3.396990000000000, 0, 1, 1, 1, 1, 1, 1, 1
3.407888000000000, 1, 1, 1, 1, 1, 1, 1, 1
3.412983250000000, 1, 0, 1, 1, 1, 1, 1, 1
3.413048750000000, 0, 0, 1, 1, 1, 1, 1, 1
3.438211250000000, 0, 1, 1, 1, 1, 1, 1, 1
3.448958000000000, 1, 1, 1, 1, 1, 1, 1, 1
3.454014750000000, 0, 1, 1, 1, 1, 1, 1, 1
3.454210750000000, 0, 0, 1, 1, 1, 1, 1, 1
3.467336750000000, 0, 0, 0, 1, 1, 1, 1, 1
3.479561750000000, 0, 1, 0, 1, 1, 1, 1, 1
3.490368000000000, 1, 1, 0, 1, 1, 1, 1, 1
3.495496750000000, 0, 1, 0, 1, 1, 1, 1, 1
3.495506500000000, 0, 1, 1, 1, 1, 1, 1, 1
3.495506750000000, 0, 1, 0, 1, 1, 1, 1, 1
3.495832500000000, 0, 0, 0, 1, 1, 1, 1, 1
3.521852750000000, 0, 1, 0, 1, 1, 1, 1, 1
3.532962000000000, 1, 1, 0, 1, 1, 1, 1, 1
3.538146750000000, 0, 1, 0, 1, 1, 1, 1, 1
3.538926500000000, 0, 0, 0, 1, 1, 1, 1, 1
3.552891750000000, 0, 0, 1, 1, 1, 1, 1, 1
3.565883250000000, 0, 1, 1, 1, 1, 1, 1, 1
3.577620250000000, 1, 1, 1, 1, 1, 1, 1, 1
3.582790750000000, 1, 0, 1, 1, 1, 1, 1, 1
3.582848750000000, 0, 0, 1, 1, 1, 1, 1, 1
3.592967500000000, 0, 1, 1, 1, 1, 1, 1, 1
3.592969500000000, 0, 0, 1, 1, 1, 1, 1, 1
3.592972500000000, 0, 1, 1, 1, 1, 1, 1, 1
3.592972750000000, 0, 0, 1, 1, 1, 1, 1, 1
3.595580000000000, 0, 1, 1, 1, 1, 1, 1, 1
3.595581500000000, 0, 0, 1, 1, 1, 1, 1, 1
3.595581750000000, 0, 1, 1, 1, 1, 1, 1, 1
3.595582250000000, 0, 0, 1, 1, 1, 1, 1, 1
3.609822250000000, 0, 1, 1, 1, 1, 1, 1, 1
3.628126750000000, 0, 0, 1, 1, 1, 1, 1, 1
3.632901000000000, 0, 1, 1, 1, 1, 1, 1, 1
3.633584000000000, 0, 0, 1, 1, 1, 1, 1, 1
3.634695750000000, 0, 1, 1, 1, 1, 1, 1, 1
3.635417750000000, 0, 0, 1, 1, 1, 1, 1, 1
3.636407500000000, 0, 1, 1, 1, 1, 1, 1, 1
3.649013250000000, 0, 1, 0, 1, 1, 1, 1, 1
3.649378000000000, 0, 1, 1, 1, 1, 1, 1, 1
3.651251000000000, 0, 1, 0, 1, 1, 1, 1, 1
3.651800000000000, 0, 1, 1, 1, 1, 1, 1, 1
3.653396000000000, 0, 1, 0, 1, 1, 1, 1, 1
3.653779750000000, 0, 0, 0, 1, 1, 1, 1, 1
3.654026500000000, 0, 1, 0, 1, 1, 1, 1, 1
3.654362750000000, 0, 1, 1, 1, 1, 1, 1, 1
3.654456000000000, 0, 1, 0, 1, 1, 1, 1, 1
3.654664250000000, 0, 1, 1, 1, 1, 1, 1, 1
3.655762500000000, 0, 1, 0, 1, 1, 1, 1, 1
3.656165250000000, 0, 0, 0, 1, 1, 1, 1, 1
3.656600250000000, 0, 1, 0, 1, 1, 1, 1, 1
3.656930000000000, 0, 1, 1, 1, 1, 1, 1, 1
3.656936000000000, 0, 1, 0, 1, 1, 1, 1, 1
3.658515500000000, 0, 0, 0, 1, 1, 1, 1, 1
3.658803750000000, 0, 0, 1, 1, 1, 1, 1, 1
3.659180250000000, 0, 0, 0, 1, 1, 1, 1, 1
3.659464500000000, 0, 1, 0, 1, 1, 1, 1, 1
3.659675000000000, 0, 0, 0, 1, 1, 1, 1, 1
3.659834250000000, 0, 1, 0, 1, 1, 1, 1, 1
3.661077750000000, 0, 0, 0, 1, 1, 1, 1, 1
3.661363750000000, 0, 0, 1, 1, 1, 1, 1, 1
3.661558750000000, 0, 1, 1, 1, 1, 1, 1, 1
3.661763000000000, 0, 0, 1, 1, 1, 1, 1, 1
3.661920250000000, 0, 0, 0, 1, 1, 1, 1, 1
3.662215250000000, 0, 1, 0, 1, 1, 1, 1, 1
3.662328750000000, 0, 0, 0, 1, 1, 1, 1, 1
3.663972750000000, 0, 0, 1, 1, 1, 1, 1, 1
3.664116500000000, 0, 1, 1, 1, 1, 1, 1, 1
3.664627750000000, 0, 0, 1, 1, 1, 1, 1, 1
3.664762000000000, 0, 0, 0, 1, 1, 1, 1, 1
3.666723000000000, 0, 0, 1, 1, 1, 1, 1, 1
3.666934250000000, 0, 1, 1, 1, 1, 1, 1, 1
3.667515250000000, 0, 0, 1, 1, 1, 1, 1, 1
3.667656750000000, 0, 0, 0, 1, 1, 1, 1, 1
3.667660750000000, 0, 0, 1, 1, 1, 1, 1, 1
3.667661000000000, 0, 0, 0, 1, 1, 1, 1, 1
3.669120250000000, 0, 0, 1, 1, 1, 1, 1, 1
3.669120500000000, 0, 0, 0, 1, 1, 1, 1, 1
3.669129000000000, 0, 0, 1, 1, 1, 1, 1, 1
3.669129500000000, 0, 0, 0, 1, 1, 1, 1, 1
3.669130750000000, 0, 0, 1, 1, 1, 1, 1, 1
3.669131000000000, 0, 0, 0, 1, 1, 1, 1, 1
3.669131250000000, 0, 0, 1, 1, 1, 1, 1, 1
3.669131500000000, 0, 0, 0, 1, 1, 1, 1, 1
3.669132500000000, 0, 0, 1, 1, 1, 1, 1, 1
3.669707500000000, 0, 1, 1, 1, 1, 1, 1, 1
3.670590250000000, 0, 0, 1, 1, 1, 1, 1, 1
3.670592250000000, 0, 1, 1, 1, 1, 1, 1, 1
3.670592750000000, 0, 0, 1, 1, 1, 1, 1, 1
3.670798250000000, 0, 0, 0, 1, 1, 1, 1, 1
3.670803500000000, 0, 0, 1, 1, 1, 1, 1, 1
3.670803750000000, 0, 0, 0, 1, 1, 1, 1, 1
3.672627000000000, 0, 0, 1, 1, 1, 1, 1, 1
3.672628000000000, 0, 0, 0, 1, 1, 1, 1, 1
3.672631000000000, 0, 0, 1, 1, 1, 1, 1, 1
3.673339750000000, 0, 0, 0, 1, 1, 1, 1, 1
3.673340000000000, 0, 0, 1, 1, 1, 1, 1, 1
3.673348500000000, 0, 0, 0, 1, 1, 1, 1, 1
3.673355500000000, 0, 0, 1, 1, 1, 1, 1, 1
3.673355750000000, 0, 0, 0, 1, 1, 1, 1, 1
3.673357250000000, 0, 0, 1, 1, 1, 1, 1, 1
3.673357500000000, 0, 0, 0, 1, 1, 1, 1, 1
3.673368250000000, 0, 0, 1, 1, 1, 1, 1, 1
3.673368500000000, 0, 0, 0, 1, 1, 1, 1, 1
3.673374250000000, 0, 0, 1, 1, 1, 1, 1, 1
3.673374500000000, 0, 0, 0, 1, 1, 1, 1, 1
4.750122250000000, 0, 1, 1, 1, 1, 1, 1, 1
4.750122500000000, 0, 0, 0, 1, 1, 1, 1, 1
4.756274250000000, 0, 0, 1, 1, 1, 1, 1, 1
4.756274500000000, 0, 0, 0, 1, 1, 1, 1, 1
4.834664000000000, 1, 0, 0, 1, 1, 1, 1, 1
4.834703750000000, 0, 0, 0, 1, 1, 1, 1, 1
4.997205750000000, 0, 1, 0, 1, 1, 1, 1, 1
5.061445500000000, 0, 0, 0, 1, 1, 1, 1, 1
5.103975000000000, 0, 0, 1, 1, 1, 1, 1, 1
5.134841250000000, 0, 1, 1, 1, 1, 1, 1, 1
5.135018500000000, 1, 1, 1, 1, 1, 1, 1, 1
5.178698750000000, 1, 0, 1, 1, 1, 1, 1, 1
5.178880500000000, 0, 0, 1, 1, 1, 1, 1, 1
5.223964250000000, 0, 1, 1, 1, 1, 1, 1, 1
5.224194499999999, 1, 1, 1, 1, 1, 1, 1, 1
5.243397499999999, 1, 0, 1, 1, 1, 1, 1, 1
5.243495500000000, 0, 0, 1, 1, 1, 1, 1, 1
5.259030999999999, 0, 0, 0, 1, 1, 1, 1, 1
5.271314750000000, 0, 1, 0, 1, 1, 1, 1, 1
5.271492750000000, 1, 1, 0, 1, 1, 1, 1, 1
5.286904750000000, 1, 0, 0, 1, 1, 1, 1, 1
5.286997749999999, 0, 0, 0, 1, 1, 1, 1, 1
5.308739999999999, 0, 1, 0, 1, 1, 1, 1, 1
5.308990500000000, 1, 1, 0, 1, 1, 1, 1, 1
5.321543250000000, 1, 0, 0, 1, 1, 1, 1, 1
5.321639250000000, 0, 0, 0, 1, 1, 1, 1, 1
5.331413500000000, 0, 0, 1, 1, 1, 1, 1, 1
5.340018499999999, 0, 1, 1, 1, 1, 1, 1, 1
5.340196000000000, 1, 1, 1, 1, 1, 1, 1, 1
5.351115750000000, 1, 0, 1, 1, 1, 1, 1, 1
5.351208750000000, 0, 0, 1, 1, 1, 1, 1, 1
5.367837250000000, 0, 1, 1, 1, 1, 1, 1, 1
5.368013250000000, 1, 1, 1, 1, 1, 1, 1, 1
5.378149750000000, 1, 0, 1, 1, 1, 1, 1, 1
5.378242000000000, 0, 0, 1, 1, 1, 1, 1, 1
5.386334000000000, 0, 0, 0, 1, 1, 1, 1, 1
5.393615250000000, 0, 1, 0, 1, 1, 1, 1, 1
5.393790500000000, 1, 1, 0, 1, 1, 1, 1, 1
5.403301000000000, 1, 0, 0, 1, 1, 1, 1, 1
5.403399250000000, 0, 0, 0, 1, 1, 1, 1, 1
5.418031000000000, 0, 1, 0, 1, 1, 1, 1, 1
5.418203750000000, 1, 1, 0, 1, 1, 1, 1, 1
5.427373500000000, 1, 0, 0, 1, 1, 1, 1, 1
5.427472499999999, 0, 0, 0, 1, 1, 1, 1, 1
5.434734000000000, 0, 0, 1, 1, 1, 1, 1, 1
5.441848500000000, 0, 1, 1, 1, 1, 1, 1, 1
5.442021000000000, 1, 1, 1, 1, 1, 1, 1, 1
5.451098750000000, 1, 0, 1, 1, 1, 1, 1, 1
5.451197500000000, 0, 0, 1, 1, 1, 1, 1, 1
5.465500749999999, 0, 1, 1, 1, 1, 1, 1, 1
5.465674000000000, 1, 1, 1, 1, 1, 1, 1, 1
5.474753250000000, 1, 0, 1, 1, 1, 1, 1, 1
5.474890750000000, 0, 0, 1, 1, 1, 1, 1, 1
5.482183500000000, 0, 0, 0, 1, 1, 1, 1, 1
5.489224500000000, 0, 1, 0, 1, 1, 1, 1, 1
5.489531250000000, 1, 1, 0, 1, 1, 1, 1, 1
5.498697000000000, 1, 0, 0, 1, 1, 1, 1, 1
5.498792000000000, 0, 0, 0, 1, 1, 1, 1, 1
5.513481250000000, 0, 1, 0, 1, 1, 1, 1, 1
5.517076500000000, 1, 1, 0, 1, 1, 1, 1, 1
5.522233000000000, 0, 1, 0, 1, 1, 1, 1, 1
5.523137500000000, 0, 0, 0, 1, 1, 1, 1, 1
5.530924750000000, 0, 0, 1, 1, 1, 1, 1, 1
5.538569250000000, 0, 1, 1, 1, 1, 1, 1, 1
5.541601500000000, 1, 1, 1, 1, 1, 1, 1, 1
5.546570249999999, 0, 1, 1, 1, 1, 1, 1, 1
5.548619250000000, 0, 0, 1, 1, 1, 1, 1, 1
5.564727749999999, 0, 1, 1, 1, 1, 1, 1, 1
5.568322750000000, 1, 1, 1, 1, 1, 1, 1, 1
5.572927500000000, 0, 1, 1, 1, 1, 1, 1, 1
5.575026500000000, 0, 0, 1, 1, 1, 1, 1, 1
5.583502500000000, 0, 0, 0, 1, 1, 1, 1, 1
5.591403000000000, 0, 1, 0, 1, 1, 1, 1, 1
5.595716250000000, 1, 1, 0, 1, 1, 1, 1, 1
5.600060750000000, 0, 1, 0, 1, 1, 1, 1, 1
5.601867749999999, 0, 0, 0, 1, 1, 1, 1, 1
5.618391000000000, 0, 1, 0, 1, 1, 1, 1, 1
5.623369500000000, 1, 1, 0, 1, 1, 1, 1, 1
5.627534000000000, 0, 1, 0, 1, 1, 1, 1, 1
5.628897750000000, 0, 0, 0, 1, 1, 1, 1, 1
5.637401750000000, 0, 0, 1, 1, 1, 1, 1, 1
5.645688750000000, 0, 1, 1, 1, 1, 1, 1, 1
5.650902749999999, 1, 1, 1, 1, 1, 1, 1, 1
5.655151500000000, 0, 1, 1, 1, 1, 1, 1, 1
5.656576750000000, 0, 0, 1, 1, 1, 1, 1, 1
5.674119750000000, 0, 1, 1, 1, 1, 1, 1, 1
5.679852250000000, 1, 1, 1, 1, 1, 1, 1, 1
5.684216750000000, 0, 1, 1, 1, 1, 1, 1, 1
5.685543000000000, 0, 0, 1, 1, 1, 1, 1, 1
5.694951500000000, 0, 0, 0, 1, 1, 1, 1, 1
5.703901500000000, 0, 1, 0, 1, 1, 1, 1, 1
5.710249750000000, 1, 1, 0, 1, 1, 1, 1, 1
5.714710250000000, 0, 1, 0, 1, 1, 1, 1, 1
5.715973249999999, 0, 0, 0, 1, 1, 1, 1, 1
5.735329249999999, 0, 1, 0, 1, 1, 1, 1, 1
5.742419249999999, 1, 1, 0, 1, 1, 1, 1, 1
5.747000000000000, 0, 1, 0, 1, 1, 1, 1, 1
5.748178750000000, 0, 0, 0, 1, 1, 1, 1, 1
5.758600250000000, 0, 0, 1, 1, 1, 1, 1, 1
5.768839250000000, 0, 1, 1, 1, 1, 1, 1, 1
5.777073000000000, 1, 1, 1, 1, 1, 1, 1, 1
5.781809500000000, 0, 1, 1, 1, 1, 1, 1, 1
5.782374750000000, 0, 0, 1, 1, 1, 1, 1, 1
5.804338250000000, 0, 1, 1, 1, 1, 1, 1, 1
5.812778750000000, 1, 1, 1, 1, 1, 1, 1, 1
5.817539249999999, 0, 1, 1, 1, 1, 1, 1, 1
5.818941499999999, 0, 0, 1, 1, 1, 1, 1, 1
5.831098500000000, 0, 0, 0, 1, 1, 1, 1, 1
5.842733249999999, 0, 1, 0, 1, 1, 1, 1, 1
5.852216500000000, 1, 1, 0, 1, 1, 1, 1, 1
5.857157249999999, 0, 1, 0, 1, 1, 1, 1, 1
5.858639750000000, 0, 0, 0, 1, 1, 1, 1, 1
5.884852000000000, 0, 1, 0, 1, 1, 1, 1, 1
5.895658750000000, 1, 1, 0, 1, 1, 1, 1, 1
5.900835250000000, 0, 1, 0, 1, 1, 1, 1, 1
5.900845500000000, 0, 1, 1, 1, 1, 1, 1, 1
5.900845749999999, 0, 1, 0, 1, 1, 1, 1, 1
5.902699500000000, 0, 0, 0, 1, 1, 1, 1, 1
5.917596750000000, 0, 0, 1, 1, 1, 1, 1, 1
5.932072000000000, 0, 1, 1, 1, 1, 1, 1, 1
5.944685000000000, 1, 1, 1, 1, 1, 1, 1, 1
5.950177750000000, 0, 1, 1, 1, 1, 1, 1, 1
5.951462750000000, 0, 0, 1, 1, 1, 1, 1, 1
5.983727249999999, 0, 1, 1, 1, 1, 1, 1, 1
5.997855500000000, 1, 1, 1, 1, 1, 1, 1, 1
6.003628249999999, 0, 1, 1, 1, 1, 1, 1, 1
6.005561250000000, 0, 0, 1, 1, 1, 1, 1, 1
6.024103999999999, 0, 0, 0, 1, 1, 1, 1, 1
6.040952750000000, 0, 1, 0, 1, 1, 1, 1, 1
6.056602499999999, 1, 1, 0, 1, 1, 1, 1, 1
6.063335250000000, 0, 1, 0, 1, 1, 1, 1, 1
6.063345249999999, 0, 1, 1, 1, 1, 1, 1, 1
6.063345500000000, 0, 1, 0, 1, 1, 1, 1, 1
6.063996749999999, 0, 0, 0, 1, 1, 1, 1, 1
6.102139500000000, 0, 1, 0, 1, 1, 1, 1, 1
6.118917499999999, 1, 1, 0, 1, 1, 1, 1, 1
6.126182249999999, 0, 1, 0, 1, 1, 1, 1, 1
6.126192500000000, 0, 1, 1, 1, 1, 1, 1, 1
6.126192750000000, 0, 1, 0, 1, 1, 1, 1, 1
6.127778500000000, 0, 0, 0, 1, 1, 1, 1, 1
6.149464249999999, 0, 0, 1, 1, 1, 1, 1, 1
6.170010749999999, 0, 1, 1, 1, 1, 1, 1, 1
6.188713000000000, 1, 1, 1, 1, 1, 1, 1, 1
6.198087500000000, 1, 0, 1, 1, 1, 1, 1, 1
6.198629749999999, 0, 0, 1, 1, 1, 1, 1, 1
6.242089249999999, 0, 1, 1, 1, 1, 1, 1, 1
6.261940500000000, 1, 1, 1, 1, 1, 1, 1, 1
6.269985999999999, 1, 0, 1, 1, 1, 1, 1, 1
6.270561250000000, 0, 0, 1, 1, 1, 1, 1, 1
6.293750750000000, 0, 0, 0, 1, 1, 1, 1, 1
6.316206250000000, 0, 1, 0, 1, 1, 1, 1, 1
6.336612250000000, 1, 1, 0, 1, 1, 1, 1, 1
6.345620750000000, 0, 1, 0, 1, 1, 1, 1, 1
6.348672499999999, 0, 0, 0, 1, 1, 1, 1, 1
6.371390250000000, 0, 1, 1, 1, 1, 1, 1, 1
6.371391500000000, 0, 0, 1, 1, 1, 1, 1, 1
6.371391750000000, 0, 1, 1, 1, 1, 1, 1, 1
6.371392250000000, 0, 0, 1, 1, 1, 1, 1, 1
6.371392750000000, 0, 0, 0, 1, 1, 1, 1, 1
6.371472499999999, 0, 0, 1, 1, 1, 1, 1, 1
6.371473000000000, 0, 1, 1, 1, 1, 1, 1, 1
6.371489000000000, 0, 1, 0, 1, 1, 1, 1, 1
6.371497250000000, 0, 1, 1, 1, 1, 1, 1, 1
6.371689750000000, 0, 0, 1, 1, 1, 1, 1, 1
6.371691500000000, 0, 1, 1, 1, 1, 1, 1, 1
6.371692749999999, 0, 1, 0, 1, 1, 1, 1, 1
6.371702000000000, 0, 1, 1, 1, 1, 1, 1, 1
6.371750000000000, 0, 0, 1, 1, 1, 1, 1, 1
6.371751000000000, 0, 0, 0, 1, 1, 1, 1, 1
6.373957250000000, 0, 1, 1, 1, 1, 1, 1, 1
6.373958000000000, 0, 0, 1, 1, 1, 1, 1, 1
6.373958249999999, 0, 1, 1, 1, 1, 1, 1, 1
6.373958750000000, 0, 0, 1, 1, 1, 1, 1, 1
6.373959000000000, 0, 0, 0, 1, 1, 1, 1, 1
6.392284999999999, 0, 0, 1, 1, 1, 1, 1, 1
6.392298750000000, 0, 1, 1, 1, 1, 1, 1, 1
6.408887500000000, 0, 1, 0, 1, 1, 1, 1, 1
6.409532749999999, 0, 1, 1, 1, 1, 1, 1, 1
6.411184749999999, 0, 1, 0, 1, 1, 1, 1, 1
6.411994750000000, 0, 1, 1, 1, 1, 1, 1, 1
6.412123750000000, 0, 1, 0, 1, 1, 1, 1, 1
6.412252750000000, 0, 1, 1, 1, 1, 1, 1, 1
6.413395749999999, 0, 1, 0, 1, 1, 1, 1, 1
6.413812999999999, 0, 0, 0, 1, 1, 1, 1, 1
6.414275000000000, 0, 1, 0, 1, 1, 1, 1, 1
6.416329250000000, 0, 0, 0, 1, 1, 1, 1, 1
6.416986000000000, 0, 1, 0, 1, 1, 1, 1, 1
6.418739749999999, 0, 0, 0, 1, 1, 1, 1, 1
6.419032500000000, 0, 0, 1, 1, 1, 1, 1, 1
6.419214250000000, 0, 1, 1, 1, 1, 1, 1, 1
6.419393749999999, 0, 0, 1, 1, 1, 1, 1, 1
6.419594000000000, 0, 0, 0, 1, 1, 1, 1, 1
6.419970750000000, 0, 1, 0, 1, 1, 1, 1, 1
6.420072999999999, 0, 0, 0, 1, 1, 1, 1, 1
6.421699250000000, 0, 0, 1, 1, 1, 1, 1, 1
6.421862750000000, 0, 1, 1, 1, 1, 1, 1, 1
6.422230250000000, 0, 0, 1, 1, 1, 1, 1, 1
6.422347500000000, 0, 0, 0, 1, 1, 1, 1, 1
6.424323250000000, 0, 0, 1, 1, 1, 1, 1, 1
6.424504250000000, 0, 1, 1, 1, 1, 1, 1, 1
6.425167000000000, 0, 0, 1, 1, 1, 1, 1, 1
6.425387750000000, 0, 0, 0, 1, 1, 1, 1, 1
6.425388000000000, 0, 0, 1, 1, 1, 1, 1, 1
6.425394000000000, 0, 0, 0, 1, 1, 1, 1, 1
6.425398250000000, 0, 0, 1, 1, 1, 1, 1, 1
6.425399000000000, 0, 0, 0, 1, 1, 1, 1, 1
6.426979250000000, 0, 0, 1, 1, 1, 1, 1, 1
6.426979999999999, 0, 0, 0, 1, 1, 1, 1, 1
6.426984999999999, 0, 0, 1, 1, 1, 1, 1, 1
6.426985250000000, 0, 0, 0, 1, 1, 1, 1, 1
6.426985500000000, 0, 0, 1, 1, 1, 1, 1, 1
6.426985999999999, 0, 0, 0, 1, 1, 1, 1, 1
6.426987749999999, 0, 0, 1, 1, 1, 1, 1, 1
6.426988000000000, 0, 0, 0, 1, 1, 1, 1, 1
6.426988250000000, 0, 0, 1, 1, 1, 1, 1, 1
6.426988750000000, 0, 0, 0, 1, 1, 1, 1, 1
6.426990000000000, 0, 0, 1, 1, 1, 1, 1, 1
6.427433750000000, 0, 1, 1, 1, 1, 1, 1, 1
6.428083750000000, 0, 0, 1, 1, 1, 1, 1, 1
6.428088250000000, 0, 1, 1, 1, 1, 1, 1, 1
6.428088499999999, 0, 0, 1, 1, 1, 1, 1, 1
6.428251500000000, 0, 0, 0, 1, 1, 1, 1, 1
6.428252000000000, 0, 0, 1, 1, 1, 1, 1, 1
6.428252500000000, 0, 0, 0, 1, 1, 1, 1, 1
6.428399000000000, 0, 0, 1, 1, 1, 1, 1, 1
6.428399250000000, 0, 0, 0, 1, 1, 1, 1, 1
6.428400250000000, 0, 0, 1, 1, 1, 1, 1, 1
6.428400500000000, 0, 0, 0, 1, 1, 1, 1, 1
6.429466499999999, 0, 0, 1, 1, 1, 1, 1, 1
6.429466750000000, 0, 0, 0, 1, 1, 1, 1, 1
6.429494000000000, 0, 0, 1, 1, 1, 1, 1, 1
6.429494249999999, 0, 0, 0, 1, 1, 1, 1, 1
6.429499750000000, 0, 0, 1, 1, 1, 1, 1, 1
6.429500000000000, 0, 0, 0, 1, 1, 1, 1, 1
6.429762500000000, 0, 0, 1, 1, 1, 1, 1, 1
6.429762750000000, 0, 0, 0, 1, 1, 1, 1, 1
6.429773750000000, 0, 0, 1, 1, 1, 1, 1, 1
6.429774000000000, 0, 0, 0, 1, 1, 1, 1, 1
6.429794999999999, 0, 0, 1, 1, 1, 1, 1, 1
6.429795749999999, 0, 0, 0, 1, 1, 1, 1, 1
6.429800500000000, 0, 0, 1, 1, 1, 1, 1, 1
6.429800999999999, 0, 0, 0, 1, 1, 1, 1, 1
6.429817000000000, 0, 0, 1, 1, 1, 1, 1, 1
6.429817250000000, 0, 0, 0, 1, 1, 1, 1, 1
6.429818000000000, 0, 0, 1, 1, 1, 1, 1, 1
6.429820250000000, 0, 0, 0, 1, 1, 1, 1, 1
6.429822000000000, 0, 0, 1, 1, 1, 1, 1, 1
6.429836500000000, 0, 0, 0, 1, 1, 1, 1, 1
6.429836750000000, 0, 0, 1, 1, 1, 1, 1, 1
6.429838500000000, 0, 0, 0, 1, 1, 1, 1, 1
6.429838750000000, 0, 0, 1, 1, 1, 1, 1, 1
6.430463250000000, 0, 1, 1, 1, 1, 1, 1, 1
6.430463749999999, 0, 0, 1, 1, 1, 1, 1, 1
6.430468500000000, 0, 1, 1, 1, 1, 1, 1, 1
6.430479000000000, 0, 0, 1, 1, 1, 1, 1, 1
6.430479249999999, 0, 1, 1, 1, 1, 1, 1, 1
6.431032999999999, 0, 0, 1, 1, 1, 1, 1, 1
6.431036499999999, 0, 1, 1, 1, 1, 1, 1, 1
6.431037500000000, 0, 0, 1, 1, 1, 1, 1, 1
6.431042250000000, 0, 1, 1, 1, 1, 1, 1, 1
6.431042750000000, 0, 0, 1, 1, 1, 1, 1, 1
6.431047500000000, 0, 1, 1, 1, 1, 1, 1, 1
6.431048250000000, 0, 0, 1, 1, 1, 1, 1, 1
6.431053250000000, 0, 1, 1, 1, 1, 1, 1, 1
6.431053500000000, 0, 0, 1, 1, 1, 1, 1, 1
6.431144750000000, 0, 0, 0, 1, 1, 1, 1, 1
6.431149500000000, 0, 0, 1, 1, 1, 1, 1, 1
6.431149749999999, 0, 0, 0, 1, 1, 1, 1, 1
6.431150000000000, 0, 0, 1, 1, 1, 1, 1, 1
6.431150250000000, 0, 0, 0, 1, 1, 1, 1, 1
6.431155000000000, 0, 0, 1, 1, 1, 1, 1, 1
6.431155500000000, 0, 0, 0, 1, 1, 1, 1, 1
6.431160250000000, 0, 0, 1, 1, 1, 1, 1, 1
6.431160999999999, 0, 0, 0, 1, 1, 1, 1, 1
6.431165999999999, 0, 0, 1, 1, 1, 1, 1, 1
6.431166250000000, 0, 0, 0, 1, 1, 1, 1, 1
7.460742750000000, 0, 1, 0, 1, 1, 1, 1, 1
7.460754750000000, 0, 1, 1, 1, 1, 1, 1, 1
7.538796749999999, 1, 1, 1, 1, 1, 1, 1, 1
7.538836499999999, 0, 1, 1, 1, 1, 1, 1, 1
7.743017750000000, 0, 0, 1, 1, 1, 1, 1, 1
7.786358000000000, 0, 0, 0, 1, 1, 1, 1, 1
7.821195250000000, 0, 1, 0, 1, 1, 1, 1, 1
7.821374000000000, 1, 1, 0, 1, 1, 1, 1, 1
7.874747500000000, 1, 0, 0, 1, 1, 1, 1, 1
7.874840750000000, 0, 0, 0, 1, 1, 1, 1, 1
7.919420499999999, 0, 1, 0, 1, 1, 1, 1, 1
7.919598750000000, 1, 1, 0, 1, 1, 1, 1, 1
7.937876500000000, 1, 0, 0, 1, 1, 1, 1, 1
7.938011749999999, 0, 0, 0, 1, 1, 1, 1, 1
7.952555749999999, 0, 0, 1, 1, 1, 1, 1, 1
7.964723500000000, 0, 1, 1, 1, 1, 1, 1, 1
7.964900750000000, 1, 1, 1, 1, 1, 1, 1, 1
7.964900999999999, 0, 1, 1, 1, 1, 1, 1, 1
7.964901250000000, 1, 1, 1, 1, 1, 1, 1, 1
7.979672500000000, 1, 0, 1, 1, 1, 1, 1, 1
7.979765749999999, 0, 0, 1, 1, 1, 1, 1, 1
8.000731499999999, 0, 1, 1, 1, 1, 1, 1, 1
8.000906499999999, 1, 1, 1, 1, 1, 1, 1, 1
8.013016750000000, 1, 0, 1, 1, 1, 1, 1, 1
8.013115500000000, 0, 0, 1, 1, 1, 1, 1, 1
8.022641999999999, 0, 0, 0, 1, 1, 1, 1, 1
8.030730750000000, 0, 1, 0, 1, 1, 1, 1, 1
8.030904000000000, 1, 1, 0, 1, 1, 1, 1, 1
8.041406750000000, 1, 0, 0, 1, 1, 1, 1, 1
8.041512749999999, 0, 0, 0, 1, 1, 1, 1, 1
8.057479749999999, 0, 1, 0, 1, 1, 1, 1, 1
8.057669250000000, 1, 1, 0, 1, 1, 1, 1, 1
8.067472250000000, 1, 0, 0, 1, 1, 1, 1, 1
8.067586000000000, 0, 0, 0, 1, 1, 1, 1, 1
8.075272500000001, 0, 0, 1, 1, 1, 1, 1, 1
8.082464500000000, 0, 1, 1, 1, 1, 1, 1, 1
8.082670499999999, 1, 1, 1, 1, 1, 1, 1, 1
8.091839999999999, 1, 0, 1, 1, 1, 1, 1, 1
8.092023250000000, 0, 0, 1, 1, 1, 1, 1, 1
8.106250749999999, 0, 1, 1, 1, 1, 1, 1, 1
8.106423749999999, 1, 1, 1, 1, 1, 1, 1, 1
8.115359999999999, 1, 0, 1, 1, 1, 1, 1, 1
8.115516249999999, 0, 0, 1, 1, 1, 1, 1, 1
8.122648750000000, 0, 0, 0, 1, 1, 1, 1, 1
8.129477750000000, 0, 1, 0, 1, 1, 1, 1, 1
8.129652750000000, 1, 1, 0, 1, 1, 1, 1, 1
8.138571749999999, 1, 0, 0, 1, 1, 1, 1, 1
8.138669499999999, 0, 0, 0, 1, 1, 1, 1, 1
8.152737750000000, 0, 1, 0, 1, 1, 1, 1, 1
8.152957749999999, 1, 1, 0, 1, 1, 1, 1, 1
8.162097749999999, 1, 0, 0, 1, 1, 1, 1, 1
8.162190499999999, 0, 0, 0, 1, 1, 1, 1, 1
8.169517500000000, 0, 0, 1, 1, 1, 1, 1, 1
8.176803249999999, 0, 1, 1, 1, 1, 1, 1, 1
8.177114999999999, 1, 1, 1, 1, 1, 1, 1, 1
8.186417499999999, 1, 0, 1, 1, 1, 1, 1, 1
8.186519750000000, 0, 0, 1, 1, 1, 1, 1, 1
8.201574500000000, 0, 1, 1, 1, 1, 1, 1, 1
8.201748250000000, 1, 1, 1, 1, 1, 1, 1, 1
8.211578749999999, 1, 0, 1, 1, 1, 1, 1, 1
8.211677000000000, 0, 0, 1, 1, 1, 1, 1, 1
8.219640750000000, 0, 0, 0, 1, 1, 1, 1, 1
8.227297750000000, 0, 1, 0, 1, 1, 1, 1, 1
8.227501499999999, 1, 1, 0, 1, 1, 1, 1, 1
8.237613999999999, 1, 0, 0, 1, 1, 1, 1, 1
8.237726250000000, 0, 0, 0, 1, 1, 1, 1, 1
8.253772000000000, 0, 1, 0, 1, 1, 1, 1, 1
8.258638749999999, 1, 1, 0, 1, 1, 1, 1, 1
8.263431499999999, 0, 1, 0, 1, 1, 1, 1, 1
8.264474000000000, 0, 0, 0, 1, 1, 1, 1, 1
8.273128750000000, 0, 0, 1, 1, 1, 1, 1, 1
8.281416499999999, 0, 1, 1, 1, 1, 1, 1, 1
8.285956250000000, 1, 1, 1, 1, 1, 1, 1, 1
8.290592750000000, 0, 1, 1, 1, 1, 1, 1, 1
8.292139750000000, 0, 0, 1, 1, 1, 1, 1, 1
8.309467999999999, 0, 1, 1, 1, 1, 1, 1, 1
8.314497500000000, 1, 1, 1, 1, 1, 1, 1, 1
8.318858250000000, 0, 1, 1, 1, 1, 1, 1, 1
8.320808749999999, 0, 0, 1, 1, 1, 1, 1, 1
8.330147000000000, 0, 0, 0, 1, 1, 1, 1, 1
8.339007000000001, 0, 1, 0, 1, 1, 1, 1, 1
8.345390999999999, 1, 1, 0, 1, 1, 1, 1, 1
8.349779750000000, 0, 1, 0, 1, 1, 1, 1, 1
8.350889250000000, 0, 0, 0, 1, 1, 1, 1, 1
8.369947000000000, 0, 1, 0, 1, 1, 1, 1, 1
8.376888500000000, 1, 1, 0, 1, 1, 1, 1, 1
8.381357249999999, 0, 1, 0, 1, 1, 1, 1, 1
8.382563749999999, 0, 0, 0, 1, 1, 1, 1, 1
8.392806499999999, 0, 0, 1, 1, 1, 1, 1, 1
8.402916749999999, 0, 1, 1, 1, 1, 1, 1, 1
8.410974249999999, 1, 1, 1, 1, 1, 1, 1, 1
8.415670750000000, 0, 1, 1, 1, 1, 1, 1, 1
8.416359750000000, 0, 0, 1, 1, 1, 1, 1, 1
8.438120249999999, 0, 1, 1, 1, 1, 1, 1, 1
8.446463999999999, 1, 1, 1, 1, 1, 1, 1, 1
8.451208500000000, 0, 1, 1, 1, 1, 1, 1, 1
8.452563749999999, 0, 0, 1, 1, 1, 1, 1, 1
8.464509999999999, 0, 0, 0, 1, 1, 1, 1, 1
8.475917500000000, 0, 1, 0, 1, 1, 1, 1, 1
8.485213750000000, 1, 1, 0, 1, 1, 1, 1, 1
8.490118499999999, 0, 1, 0, 1, 1, 1, 1, 1
8.490128250000000, 0, 1, 1, 1, 1, 1, 1, 1
8.490128499999999, 0, 1, 0, 1, 1, 1, 1, 1
8.491427500000000, 0, 0, 0, 1, 1, 1, 1, 1
8.516734749999999, 0, 1, 0, 1, 1, 1, 1, 1
8.527135749999999, 1, 1, 0, 1, 1, 1, 1, 1
8.532228500000000, 0, 1, 0, 1, 1, 1, 1, 1
8.533828500000000, 0, 0, 0, 1, 1, 1, 1, 1
8.548016750000000, 0, 0, 1, 1, 1, 1, 1, 1
8.562094249999999, 0, 1, 1, 1, 1, 1, 1, 1
8.574106000000000, 1, 1, 1, 1, 1, 1, 1, 1
8.579482750000000, 0, 1, 1, 1, 1, 1, 1, 1
8.581265000000000, 0, 0, 1, 1, 1, 1, 1, 1
8.613152249999999, 0, 1, 1, 1, 1, 1, 1, 1
8.627092749999999, 1, 1, 1, 1, 1, 1, 1, 1
8.632825250000000, 0, 1, 1, 1, 1, 1, 1, 1
8.634343500000000, 0, 0, 1, 1, 1, 1, 1, 1
8.652318250000000, 0, 0, 0, 1, 1, 1, 1, 1
8.669244500000000, 0, 1, 0, 1, 1, 1, 1, 1
8.684955499999999, 1, 1, 0, 1, 1, 1, 1, 1
8.691068249999999, 0, 1, 0, 1, 1, 1, 1, 1
8.692499000000000, 0, 0, 0, 1, 1, 1, 1, 1
8.730677499999999, 0, 1, 0, 1, 1, 1, 1, 1
8.747478500000000, 1, 1, 0, 1, 1, 1, 1, 1
8.754823249999999, 0, 1, 0, 1, 1, 1, 1, 1
8.754833500000000, 0, 1, 1, 1, 1, 1, 1, 1
8.754833750000000, 0, 1, 0, 1, 1, 1, 1, 1
8.755627499999999, 0, 0, 0, 1, 1, 1, 1, 1
8.776430749999999, 0, 0, 1, 1, 1, 1, 1, 1
8.795026499999999, 0, 1, 1, 1, 1, 1, 1, 1
8.812621750000000, 1, 1, 1, 1, 1, 1, 1, 1
8.819742750000000, 1, 0, 1, 1, 1, 1, 1, 1
8.820258500000000, 0, 0, 1, 1, 1, 1, 1, 1
8.861424999999999, 0, 1, 1, 1, 1, 1, 1, 1
8.879700999999999, 1, 1, 1, 1, 1, 1, 1, 1
8.891895249999999, 1, 0, 1, 1, 1, 1, 1, 1
8.892557999999999, 0, 0, 1, 1, 1, 1, 1, 1
8.917866249999999, 0, 0, 0, 1, 1, 1, 1, 1
8.940778249999999, 0, 1, 0, 1, 1, 1, 1, 1
8.940956000000000, 1, 1, 0, 1, 1, 1, 1, 1
8.972211249999999, 1, 0, 0, 1, 1, 1, 1, 1
8.972305750000000, 0, 0, 0, 1, 1, 1, 1, 1
9.022632000000000, 0, 1, 0, 1, 1, 1, 1, 1
9.022852000000000, 1, 1, 0, 1, 1, 1, 1, 1
9.056393500000000, 1, 0, 0, 1, 1, 1, 1, 1
9.056565749999999, 0, 0, 0, 1, 1, 1, 1, 1
9.056576999999999, 0, 0, 1, 1, 1, 1, 1, 1
9.056577250000000, 0, 0, 0, 1, 1, 1, 1, 1
9.080152499999999, 0, 1, 1, 1, 1, 1, 1, 1
9.080152750000000, 0, 0, 0, 1, 1, 1, 1, 1
9.080152999999999, 0, 1, 1, 1, 1, 1, 1, 1
9.080153749999999, 0, 0, 1, 1, 1, 1, 1, 1
9.080154250000000, 0, 1, 1, 1, 1, 1, 1, 1
9.080154499999999, 0, 0, 0, 1, 1, 1, 1, 1
9.080154750000000, 0, 0, 1, 1, 1, 1, 1, 1
9.080155000000000, 0, 0, 0, 1, 1, 1, 1, 1
9.080235499999999, 0, 0, 1, 1, 1, 1, 1, 1
9.080244250000000, 0, 1, 1, 1, 1, 1, 1, 1
9.080268999999999, 0, 1, 0, 1, 1, 1, 1, 1
9.080283000000000, 0, 1, 1, 1, 1, 1, 1, 1
9.080283500000000, 0, 0, 1, 1, 1, 1, 1, 1
9.080286749999999, 0, 1, 1, 1, 1, 1, 1, 1
9.080415750000000, 0, 0, 1, 1, 1, 1, 1, 1
9.080427499999999, 0, 1, 1, 1, 1, 1, 1, 1
9.080428500000000, 0, 1, 0, 1, 1, 1, 1, 1
9.080454249999999, 0, 1, 1, 1, 1, 1, 1, 1
9.080497249999999, 0, 0, 1, 1, 1, 1, 1, 1
9.080518999999999, 0, 0, 0, 1, 1, 1, 1, 1
9.080753249999999, 0, 0, 1, 1, 1, 1, 1, 1
9.080753500000000, 0, 0, 0, 1, 1, 1, 1, 1
9.082774250000000, 0, 1, 1, 1, 1, 1, 1, 1
9.082775249999999, 0, 0, 0, 1, 1, 1, 1, 1
9.082775500000000, 0, 1, 1, 1, 1, 1, 1, 1
9.082776749999999, 0, 0, 0, 1, 1, 1, 1, 1
9.082866749999999, 0, 0, 1, 1, 1, 1, 1, 1
9.082904250000000, 0, 1, 1, 1, 1, 1, 1, 1
9.083024499999999, 0, 0, 1, 1, 1, 1, 1, 1
9.083129749999999, 0, 0, 0, 1, 1, 1, 1, 1
9.084025250000000, 0, 0, 1, 1, 1, 1, 1, 1
9.099045499999999, 0, 1, 1, 1, 1, 1, 1, 1
9.113521000000000, 0, 1, 0, 1, 1, 1, 1, 1
9.113748250000000, 0, 1, 1, 1, 1, 1, 1, 1
9.115636750000000, 0, 1, 0, 1, 1, 1, 1, 1
9.116313249999999, 0, 1, 1, 1, 1, 1, 1, 1
9.117980500000000, 0, 1, 0, 1, 1, 1, 1, 1
9.118776750000000, 0, 1, 1, 1, 1, 1, 1, 1
9.118915249999999, 0, 1, 0, 1, 1, 1, 1, 1
9.119000000000000, 0, 1, 1, 1, 1, 1, 1, 1
9.120122499999999, 0, 1, 0, 1, 1, 1, 1, 1
9.120602249999999, 0, 0, 0, 1, 1, 1, 1, 1
9.121205249999999, 0, 1, 0, 1, 1, 1, 1, 1
9.123082250000000, 0, 0, 0, 1, 1, 1, 1, 1
9.123893250000000, 0, 1, 0, 1, 1, 1, 1, 1
9.125498499999999, 0, 0, 0, 1, 1, 1, 1, 1
9.125797750000000, 0, 0, 1, 1, 1, 1, 1, 1
9.125945249999999, 0, 1, 1, 1, 1, 1, 1, 1
9.125947249999999, 0, 0, 1, 1, 1, 1, 1, 1
9.125948250000000, 0, 1, 1, 1, 1, 1, 1, 1
9.125948500000000, 0, 0, 1, 1, 1, 1, 1, 1
9.125948749999999, 0, 1, 1, 1, 1, 1, 1, 1
9.126290749999999, 0, 0, 1, 1, 1, 1, 1, 1
9.126405000000000, 0, 0, 0, 1, 1, 1, 1, 1
9.128507749999999, 0, 0, 1, 1, 1, 1, 1, 1
9.128665249999999, 0, 1, 1, 1, 1, 1, 1, 1
9.128665750000000, 0, 0, 1, 1, 1, 1, 1, 1
9.128666749999999, 0, 1, 1, 1, 1, 1, 1, 1
9.129068499999999, 0, 0, 1, 1, 1, 1, 1, 1
9.129179749999999, 0, 0, 0, 1, 1, 1, 1, 1
9.131137749999999, 0, 0, 1, 1, 1, 1, 1, 1
9.131311750000000, 0, 1, 1, 1, 1, 1, 1, 1
9.132010250000000, 0, 0, 1, 1, 1, 1, 1, 1
9.132184250000000, 0, 0, 0, 1, 1, 1, 1, 1
9.132184750000000, 0, 0, 1, 1, 1, 1, 1, 1
9.132185249999999, 0, 0, 0, 1, 1, 1, 1, 1
9.132185500000000, 0, 0, 1, 1, 1, 1, 1, 1
9.132185999999999, 0, 0, 0, 1, 1, 1, 1, 1
9.132186250000000, 0, 0, 1, 1, 1, 1, 1, 1
9.132217499999999, 0, 0, 0, 1, 1, 1, 1, 1
9.132220250000000, 0, 0, 1, 1, 1, 1, 1, 1
9.132220499999999, 0, 0, 0, 1, 1, 1, 1, 1
9.134016749999999, 0, 0, 1, 1, 1, 1, 1, 1
9.134018500000000, 0, 0, 0, 1, 1, 1, 1, 1
9.134018749999999, 0, 0, 1, 1, 1, 1, 1, 1
9.134327499999999, 0, 1, 1, 1, 1, 1, 1, 1
9.134328249999999, 0, 0, 1, 1, 1, 1, 1, 1
9.134330250000000, 0, 1, 1, 1, 1, 1, 1, 1
9.134800250000000, 0, 0, 1, 1, 1, 1, 1, 1
9.134800750000000, 0, 1, 1, 1, 1, 1, 1, 1
9.134803999999999, 0, 0, 1, 1, 1, 1, 1, 1
9.134806500000000, 0, 1, 1, 1, 1, 1, 1, 1
9.134807250000000, 0, 0, 1, 1, 1, 1, 1, 1
9.134966250000000, 0, 0, 0, 1, 1, 1, 1, 1
9.134966750000000, 0, 0, 1, 1, 1, 1, 1, 1
9.134967249999999, 0, 0, 0, 1, 1, 1, 1, 1
9.136879250000000, 0, 0, 1, 1, 1, 1, 1, 1
9.136879499999999, 0, 0, 0, 1, 1, 1, 1, 1
9.136879750000000, 0, 0, 1, 1, 1, 1, 1, 1
9.136880000000000, 0, 0, 0, 1, 1, 1, 1, 1
9.136884999999999, 0, 0, 1, 1, 1, 1, 1, 1
9.136885749999999, 0, 0, 0, 1, 1, 1, 1, 1
9.136890250000000, 0, 0, 1, 1, 1, 1, 1, 1
9.136891250000000, 0, 0, 0, 1, 1, 1, 1, 1
9.136894750000000, 0, 0, 1, 1, 1, 1, 1, 1
9.136904999999999, 0, 0, 0, 1, 1, 1, 1, 1
9.136905250000000, 0, 0, 1, 1, 1, 1, 1, 1
9.136906249999999, 0, 0, 0, 1, 1, 1, 1, 1
9.136906999999999, 0, 0, 1, 1, 1, 1, 1, 1
9.136912250000000, 0, 0, 0, 1, 1, 1, 1, 1
9.136912499999999, 0, 0, 1, 1, 1, 1, 1, 1
9.137397249999999, 0, 1, 1, 1, 1, 1, 1, 1
9.137397499999999, 0, 0, 1, 1, 1, 1, 1, 1
9.137403250000000, 0, 1, 1, 1, 1, 1, 1, 1
9.137403500000000, 0, 0, 1, 1, 1, 1, 1, 1
9.137408250000000, 0, 1, 1, 1, 1, 1, 1, 1
9.137419749999999, 0, 0, 1, 1, 1, 1, 1, 1
9.137420250000000, 0, 1, 1, 1, 1, 1, 1, 1
9.137701500000000, 0, 0, 1, 1, 1, 1, 1, 1
9.137703000000000, 0, 1, 1, 1, 1, 1, 1, 1
9.137703999999999, 0, 0, 1, 1, 1, 1, 1, 1
9.137706000000000, 0, 1, 1, 1, 1, 1, 1, 1
9.137706750000000, 0, 0, 1, 1, 1, 1, 1, 1
9.137711249999999, 0, 1, 1, 1, 1, 1, 1, 1
9.137711999999999, 0, 0, 1, 1, 1, 1, 1, 1
9.137722249999999, 0, 1, 1, 1, 1, 1, 1, 1
9.137722750000000, 0, 0, 1, 1, 1, 1, 1, 1
9.137727500000000, 0, 1, 1, 1, 1, 1, 1, 1
9.137727750000000, 0, 0, 1, 1, 1, 1, 1, 1
9.137727999999999, 0, 1, 1, 1, 1, 1, 1, 1
9.137728250000000, 0, 0, 1, 1, 1, 1, 1, 1
9.137837500000000, 0, 0, 0, 1, 1, 1, 1, 1
9.137841500000000, 0, 0, 1, 1, 1, 1, 1, 1
9.137842500000000, 0, 0, 0, 1, 1, 1, 1, 1
9.137846999999999, 0, 0, 1, 1, 1, 1, 1, 1
9.137847499999999, 0, 0, 0, 1, 1, 1, 1, 1
9.137852499999999, 0, 0, 1, 1, 1, 1, 1, 1
9.137853000000000, 0, 0, 0, 1, 1, 1, 1, 1
9.137857750000000, 0, 0, 1, 1, 1, 1, 1, 1
9.137858500000000, 0, 0, 0, 1, 1, 1, 1, 1
9.137869250000000, 0, 1, 1, 1, 1, 1, 1, 1
9.137869750000000, 0, 0, 1, 1, 1, 1, 1, 1
9.137870249999999, 0, 0, 0, 1, 1, 1, 1, 1
9.137870500000000, 0, 0, 1, 1, 1, 1, 1, 1
9.137870749999999, 0, 0, 0, 1, 1, 1, 1, 1
9.137870999999999, 0, 0, 1, 1, 1, 1, 1, 1
9.137871250000000, 0, 0, 0, 1, 1, 1, 1, 1
9.137871750000000, 0, 0, 1, 1, 1, 1, 1, 1
9.137872000000000, 0, 0, 0, 1, 1, 1, 1, 1
9.137878749999999, 0, 0, 1, 1, 1, 1, 1, 1
9.137879000000000, 0, 0, 0, 1, 1, 1, 1, 1
10.029463750000000, 0, 1, 0, 1, 1, 1, 1, 1
10.029463999999999, 0, 0, 0, 1, 1, 1, 1, 1
10.029464250000000, 0, 1, 0, 1, 1, 1, 1, 1
10.107495999999999, 1, 1, 0, 1, 1, 1, 1, 1
10.107536000000000, 0, 1, 0, 1, 1, 1, 1, 1
10.408238749999999, 0, 0, 0, 1, 1, 1, 1, 1
10.482802500000000, 0, 1, 0, 1, 1, 1, 1, 1
10.482978250000000, 1, 1, 0, 1, 1, 1, 1, 1
10.532733750000000, 1, 0, 0, 1, 1, 1, 1, 1
10.532832500000000, 0, 0, 0, 1, 1, 1, 1, 1
10.562265499999999, 0, 0, 1, 1, 1, 1, 1, 1
10.576879499999999, 0, 1, 1, 1, 1, 1, 1, 1
10.577058749999999, 1, 1, 1, 1, 1, 1, 1, 1
10.595396250000000, 1, 0, 1, 1, 1, 1, 1, 1
10.595495500000000, 0, 0, 1, 1, 1, 1, 1, 1
10.621587000000000, 0, 1, 1, 1, 1, 1, 1, 1
10.621860500000000, 1, 1, 1, 1, 1, 1, 1, 1
10.635952750000000, 1, 0, 1, 1, 1, 1, 1, 1
10.636045500000000, 0, 0, 1, 1, 1, 1, 1, 1
10.647076499999999, 0, 0, 0, 1, 1, 1, 1, 1
10.656058500000000, 0, 1, 0, 1, 1, 1, 1, 1
10.656318250000000, 1, 1, 0, 1, 1, 1, 1, 1
10.667889250000000, 1, 0, 0, 1, 1, 1, 1, 1
10.667983000000000, 0, 0, 0, 1, 1, 1, 1, 1
10.685195250000000, 0, 1, 0, 1, 1, 1, 1, 1
10.685371499999999, 1, 1, 0, 1, 1, 1, 1, 1
10.695693499999999, 1, 0, 0, 1, 1, 1, 1, 1
10.695792250000000, 0, 0, 0, 1, 1, 1, 1, 1
10.703931499999999, 0, 0, 1, 1, 1, 1, 1, 1
10.711549999999999, 0, 1, 1, 1, 1, 1, 1, 1
10.711832749999999, 1, 1, 1, 1, 1, 1, 1, 1
10.721367749999999, 1, 0, 1, 1, 1, 1, 1, 1
10.721477499999999, 0, 0, 1, 1, 1, 1, 1, 1
10.736430750000000, 0, 1, 1, 1, 1, 1, 1, 1
10.736606000000000, 1, 1, 1, 1, 1, 1, 1, 1
10.745903750000000, 1, 0, 1, 1, 1, 1, 1, 1
10.746002749999999, 0, 0, 1, 1, 1, 1, 1, 1
10.753496999999999, 0, 0, 0, 1, 1, 1, 1, 1
10.760683750000000, 0, 1, 0, 1, 1, 1, 1, 1
10.760859249999999, 1, 1, 0, 1, 1, 1, 1, 1
10.770361999999999, 1, 0, 0, 1, 1, 1, 1, 1
10.770460000000000, 0, 0, 0, 1, 1, 1, 1, 1
10.785419749999999, 0, 1, 0, 1, 1, 1, 1, 1
10.785592500000000, 1, 1, 0, 1, 1, 1, 1, 1
10.795247249999999, 1, 0, 0, 1, 1, 1, 1, 1
10.795345249999999, 0, 0, 0, 1, 1, 1, 1, 1
10.803022750000000, 0, 0, 1, 1, 1, 1, 1, 1
10.810585500000000, 0, 1, 1, 1, 1, 1, 1, 1
10.810821749999999, 1, 1, 1, 1, 1, 1, 1, 1
10.820476500000000, 1, 0, 1, 1, 1, 1, 1, 1
10.820574250000000, 0, 0, 1, 1, 1, 1, 1, 1
10.836073499999999, 0, 1, 1, 1, 1, 1, 1, 1
10.836330750000000, 1, 1, 1, 1, 1, 1, 1, 1
10.846396250000000, 1, 0, 1, 1, 1, 1, 1, 1
10.846491499999999, 0, 0, 1, 1, 1, 1, 1, 1
10.854769500000000, 0, 0, 0, 1, 1, 1, 1, 1
10.862724499999999, 0, 1, 0, 1, 1, 1, 1, 1
10.862912000000000, 1, 1, 0, 1, 1, 1, 1, 1
10.873572500000000, 1, 0, 0, 1, 1, 1, 1, 1
10.873733000000000, 0, 0, 0, 1, 1, 1, 1, 1
10.890718750000000, 0, 1, 0, 1, 1, 1, 1, 1
10.895693750000000, 1, 1, 0, 1, 1, 1, 1, 1
10.901130250000000, 0, 1, 0, 1, 1, 1, 1, 1
10.902165999999999, 0, 0, 0, 1, 1, 1, 1, 1
10.911469000000000, 0, 0, 1, 1, 1, 1, 1, 1
10.920548499999999, 0, 1, 1, 1, 1, 1, 1, 1
10.925690999999999, 1, 1, 1, 1, 1, 1, 1, 1
10.930567750000000, 0, 1, 1, 1, 1, 1, 1, 1
10.932495249999999, 0, 0, 1, 1, 1, 1, 1, 1
10.951841249999999, 0, 1, 1, 1, 1, 1, 1, 1
10.957704500000000, 1, 1, 1, 1, 1, 1, 1, 1
10.962393250000000, 0, 1, 1, 1, 1, 1, 1, 1
10.964505500000000, 0, 0, 1, 1, 1, 1, 1, 1
10.974916750000000, 0, 0, 0, 1, 1, 1, 1, 1
10.984617499999999, 0, 1, 0, 1, 1, 1, 1, 1
10.991722249999999, 1, 1, 0, 1, 1, 1, 1, 1
10.996310749999999, 0, 1, 0, 1, 1, 1, 1, 1
10.996326500000000, 0, 1, 1, 1, 1, 1, 1, 1
10.996326750000000, 0, 1, 0, 1, 1, 1, 1, 1
10.997425500000000, 0, 0, 0, 1, 1, 1, 1, 1
11.017987750000000, 0, 1, 0, 1, 1, 1, 1, 1
11.025791750000000, 1, 1, 0, 1, 1, 1, 1, 1
11.030424499999999, 0, 1, 0, 1, 1, 1, 1, 1
11.031655749999999, 0, 0, 0, 1, 1, 1, 1, 1
11.042821750000000, 0, 0, 1, 1, 1, 1, 1, 1
11.053786749999999, 0, 1, 1, 1, 1, 1, 1, 1
11.062453500000000, 1, 1, 1, 1, 1, 1, 1, 1
11.067234250000000, 0, 1, 1, 1, 1, 1, 1, 1
11.068363249999999, 0, 0, 1, 1, 1, 1, 1, 1
11.092231000000000, 0, 1, 1, 1, 1, 1, 1, 1
11.101731500000000, 1, 1, 1, 1, 1, 1, 1, 1
11.106676250000000, 0, 1, 1, 1, 1, 1, 1, 1
11.108173250000000, 0, 0, 1, 1, 1, 1, 1, 1
11.121525499999999, 0, 0, 0, 1, 1, 1, 1, 1
11.134347999999999, 0, 1, 0, 1, 1, 1, 1, 1
11.145153749999999, 1, 1, 0, 1, 1, 1, 1, 1
11.150330250000000, 0, 1, 0, 1, 1, 1, 1, 1
11.152100749999999, 0, 0, 0, 1, 1, 1, 1, 1
11.181602249999999, 0, 1, 0, 1, 1, 1, 1, 1
11.194220000000000, 1, 1, 0, 1, 1, 1, 1, 1
11.199716750000000, 0, 1, 0, 1, 1, 1, 1, 1
11.201962000000000, 0, 0, 0, 1, 1, 1, 1, 1
11.219165250000000, 0, 0, 1, 1, 1, 1, 1, 1
11.235712249999999, 0, 1, 1, 1, 1, 1, 1, 1
11.235901999999999, 1, 1, 1, 1, 1, 1, 1, 1
11.258253249999999, 1, 0, 1, 1, 1, 1, 1, 1
11.258351500000000, 0, 0, 1, 1, 1, 1, 1, 1
11.295407749999999, 0, 1, 1, 1, 1, 1, 1, 1
11.295589000000000, 1, 1, 1, 1, 1, 1, 1, 1
11.321738500000000, 1, 0, 1, 1, 1, 1, 1, 1
11.321834500000000, 0, 0, 1, 1, 1, 1, 1, 1
11.343791249999999, 0, 0, 0, 1, 1, 1, 1, 1
11.364250000000000, 0, 1, 0, 1, 1, 1, 1, 1
11.383141250000000, 1, 1, 0, 1, 1, 1, 1, 1
11.391434000000000, 0, 1, 0, 1, 1, 1, 1, 1
11.392786749999999, 0, 0, 0, 1, 1, 1, 1, 1
11.437313999999999, 0, 1, 0, 1, 1, 1, 1, 1
11.457364750000000, 1, 1, 0, 1, 1, 1, 1, 1
11.464766500000000, 1, 0, 0, 1, 1, 1, 1, 1
11.465349500000000, 0, 0, 0, 1, 1, 1, 1, 1
11.487843750000000, 0, 0, 1, 1, 1, 1, 1, 1
11.509909250000000, 0, 1, 1, 1, 1, 1, 1, 1
11.529804499999999, 1, 1, 1, 1, 1, 1, 1, 1
11.538717000000000, 0, 1, 1, 1, 1, 1, 1, 1
11.540118000000000, 0, 0, 1, 1, 1, 1, 1, 1
11.586195000000000, 0, 1, 1, 1, 1, 1, 1, 1
11.607263999999999, 1, 1, 1, 1, 1, 1, 1, 1
11.613983249999999, 1, 0, 1, 1, 1, 1, 1, 1
11.614588749999999, 0, 0, 1, 1, 1, 1, 1, 1
11.637603250000000, 0, 0, 0, 1, 1, 1, 1, 1
11.657933499999999, 0, 1, 0, 1, 1, 1, 1, 1
11.677363500000000, 1, 1, 0, 1, 1, 1, 1, 1
11.685320500000000, 1, 0, 0, 1, 1, 1, 1, 1
11.686264249999999, 0, 0, 0, 1, 1, 1, 1, 1
11.730569500000000, 0, 1, 0, 1, 1, 1, 1, 1
11.750482999999999, 1, 1, 0, 1, 1, 1, 1, 1
11.759395749999999, 0, 1, 0, 1, 1, 1, 1, 1
11.761952749999999, 0, 0, 0, 1, 1, 1, 1, 1
11.787869250000000, 0, 0, 1, 1, 1, 1, 1, 1
11.807395249999999, 0, 1, 1, 1, 1, 1, 1, 1
11.807573750000000, 1, 1, 1, 1, 1, 1, 1, 1
11.833517749999999, 1, 0, 1, 1, 1, 1, 1, 1
11.833615249999999, 0, 0, 1, 1, 1, 1, 1, 1
11.873106249999999, 0, 1, 1, 1, 1, 1, 1, 1
11.873369000000000, 1, 1, 1, 1, 1, 1, 1, 1
11.897267999999999, 1, 0, 1, 1, 1, 1, 1, 1
11.897366499999999, 0, 0, 1, 1, 1, 1, 1, 1
11.917586999999999, 0, 0, 0, 1, 1, 1, 1, 1
11.935948750000000, 0, 1, 0, 1, 1, 1, 1, 1
11.936119999999999, 1, 1, 0, 1, 1, 1, 1, 1
11.961074750000000, 1, 0, 0, 1, 1, 1, 1, 1
11.961169499999999, 0, 0, 0, 1, 1, 1, 1, 1
11.997535250000000, 0, 1, 0, 1, 1, 1, 1, 1
11.997719000000000, 1, 1, 0, 1, 1, 1, 1, 1
12.019458250000000, 1, 0, 0, 1, 1, 1, 1, 1
12.019556249999999, 0, 0, 0, 1, 1, 1, 1, 1
12.037419000000000, 0, 0, 1, 1, 1, 1, 1, 1
12.053517500000000, 0, 1, 1, 1, 1, 1, 1, 1
12.068258250000000, 1, 1, 1, 1, 1, 1, 1, 1
12.074424250000000, 1, 0, 1, 1, 1, 1, 1, 1
12.074874999999999, 0, 0, 1, 1, 1, 1, 1, 1
12.107403500000000, 0, 1, 1, 1, 1, 1, 1, 1
12.121665000000000, 1, 1, 1, 1, 1, 1, 1, 1
12.127822000000000, 1, 0, 1, 1, 1, 1, 1, 1
12.128257500000000, 0, 0, 1, 1, 1, 1, 1, 1
12.144846999999999, 0, 0, 0, 1, 1, 1, 1, 1
12.160069999999999, 0, 1, 0, 1, 1, 1, 1, 1
12.174075499999999, 1, 1, 0, 1, 1, 1, 1, 1
12.180401000000000, 1, 0, 0, 1, 1, 1, 1, 1
12.180671999999999, 0, 0, 0, 1, 1, 1, 1, 1
12.212508500000000, 0, 1, 0, 1, 1, 1, 1, 1
12.226801999999999, 1, 1, 0, 1, 1, 1, 1, 1
12.232711000000000, 1, 0, 0, 1, 1, 1, 1, 1
12.232814749999999, 0, 0, 0, 1, 1, 1, 1, 1
12.232825000000000, 0, 0, 1, 1, 1, 1, 1, 1
12.232825249999999, 0, 0, 0, 1, 1, 1, 1, 1
12.249324999999999, 0, 0, 1, 1, 1, 1, 1, 1
12.264149249999999, 0, 1, 1, 1, 1, 1, 1, 1
12.278348500000000, 1, 1, 1, 1, 1, 1, 1, 1
12.283511749999999, 1, 0, 1, 1, 1, 1, 1, 1
12.284245000000000, 0, 0, 1, 1, 1, 1, 1, 1
12.314463999999999, 0, 1, 1, 1, 1, 1, 1, 1
12.328354749999999, 1, 1, 1, 1, 1, 1, 1, 1
12.333893750000000, 1, 0, 1, 1, 1, 1, 1, 1
12.334043500000000, 0, 0, 1, 1, 1, 1, 1, 1
12.349972749999999, 0, 0, 0, 1, 1, 1, 1, 1
12.364751499999999, 0, 1, 0, 1, 1, 1, 1, 1
12.378445249999999, 1, 1, 0, 1, 1, 1, 1, 1
12.384129999999999, 0, 1, 0, 1, 1, 1, 1, 1
12.384435499999999, 0, 0, 0, 1, 1, 1, 1, 1
12.415093250000000, 0, 1, 0, 1, 1, 1, 1, 1
12.428895749999999, 1, 1, 0, 1, 1, 1, 1, 1
12.434134750000000, 1, 0, 0, 1, 1, 1, 1, 1
12.434584500000000, 0, 0, 0, 1, 1, 1, 1, 1
12.449791999999999, 0, 0, 1, 1, 1, 1, 1, 1
12.464660250000000, 0, 1, 1, 1, 1, 1, 1, 1
12.478209999999999, 1, 1, 1, 1, 1, 1, 1, 1
12.483850750000000, 0, 1, 1, 1, 1, 1, 1, 1
12.484003749999999, 0, 0, 1, 1, 1, 1, 1, 1
